Pos.,No.,Last,First,Team,Height,Weight,Pro,GP,GS,Pts,PPG,Mins,MPG,FGM,FGA,FG%,3PM,3PA,3P%,FTM,FTA,FT%,OReb,ORPG,DReb,DRPG,Rebs,RPG,Blk,BPG,Stl,SPG,Ast,APG,TO,TPG,Fouls,FPG
SF,28,Abbott,Leon,Den,"6'6""",231,3,2,0,4,2,5,2.5,2,4,0.5,0,1,0,0,1,0,0,0,0,0,0,0,0,0,0,0,0,0,0,0,3,1.5
SG,9,Abdul-Wahad,Tariq,Sea,"6'6""",223,8,2,0,0,0,3,1.5,0,2,0,0,0,0,0,0,0,0,0,0,0,0,0,0,0,0,0,0,0,0,0,3,1.5
SF,3,Abdur-Rahim,Shareef,Was,"6'9""",230,9,2,2,12,6,19,9.5,4,10,0.4,1,2,0.5,3,4,0.75,0,0,4,2,4,2,1,0.5,1,0.5,1,0.5,2,1,2,1
PF,97,Adams,Pete,Den,"6'10""",248,4,2,0,3,1.5,5,2.5,1,3,0.333,0,0,0,1,3,0.333,2,1,3,1.5,5,2.5,0,0,1,0.5,0,0,0,0,2,1
SG,78,Adetoun,Kwesi,FA,"6'7""",192,2,0,0,0,0,0,0,0,0,0,0,0,0,0,0,0,0,0,0,0,0,0,0,0,0,0,0,0,0,0,0,0
PF,62,Aitkin,Adrian,FA,"6'10""",220,3,0,0,0,0,0,0,0,0,0,0,0,0,0,0,0,0,0,0,0,0,0,0,0,0,0,0,0,0,0,0,0
SG,8,Alexander,Courtney,Chi,"6'5""",210,5,2,0,10,5,6,3,4,4,1,0,0,0,2,2,1,0,0,0,0,0,0,0,0,1,0.5,0,0,0,0,0,0
SG,77,Allen,Marcus,FA,"6'4""",209,3,0,0,0,0,0,0,0,0,0,0,0,0,0,0,0,0,0,0,0,0,0,0,0,0,0,0,0,0,0,0,0
SG,34,Allen,Ray,Utah,"6'5""",205,9,2,2,16,8,20,10,6,14,0.428,1,2,0.5,3,4,0.75,0,0,2,1,2,1,0,0,2,1,2,1,1,0.5,3,1.5
PG,24,Alston,Rafer,GS,"6'2""",173,6,1,0,0,0,3,3,0,3,0,0,1,0,0,0,0,0,0,1,1,1,1,0,0,1,1,1,1,1,1,1,1
C,13,Amaechi,John,FA,"6'10""",270,7,0,0,0,0,0,0,0,0,0,0,0,0,0,0,0,0,0,0,0,0,0,0,0,0,0,0,0,0,0,0,0
PG,71,Anderson,Bryce,Chi,"6'2""",176,3,0,0,0,0,0,0,0,0,0,0,0,0,0,0,0,0,0,0,0,0,0,0,0,0,0,0,0,0,0,0,0
SG,1,Anderson,Derek,Pho,"6'5""",195,8,3,0,4,1.3,5,1.6,2,5,0.4,0,0,0,0,0,0,0,0,0,0,0,0,0,0,0,0,0,0,0,0,4,1.3
PG,7,Anderson,Kenny,SA,"6'1""",168,14,3,0,4,1.3,6,2,2,5,0.4,0,0,0,0,0,0,0,0,0,0,0,0,0,0,0,0,1,0.3,1,0.3,6,2
SF,25,Anderson,Nick,FA,"6'6""",228,16,0,0,0,0,0,0,0,0,0,0,0,0,0,0,0,0,0,0,0,0,0,0,0,0,0,0,0,0,0,0,0
SG,40,Anderson,Shandon,NY,"6'6""",210,9,1,1,8,8,9,9,3,3,1,1,1,1,1,2,0.5,0,0,1,1,1,1,0,0,1,1,1,1,1,1,1,1
C,46,Anderson,Voshon,Sac,"6'9""",274,2,0,0,0,0,0,0,0,0,0,0,0,0,0,0,0,0,0,0,0,0,0,0,0,0,0,0,0,0,0,0,0
SG,60,Anderson,Wyatt,Hou,"6'5""",183,R,3,3,20,6.6,30,10,7,21,0.333,3,10,0.3,3,5,0.6,3,1,2,0.6,5,1.6,0,0,2,0.6,2,0.6,2,0.6,3,1
SF,84,Andrews,Grant,GS,"6'10""",219,4,2,0,2,1,3,1.5,1,2,0.5,0,1,0,0,0,0,0,0,0,0,0,0,0,0,0,0,0,0,0,0,3,1.5
SG,66,Andrews,Jonah,Tor,"6'5""",182,1,3,0,0,0,6,2,0,0,0,0,0,0,0,0,0,1,0.3,0,0,1,0.3,0,0,0,0,0,0,1,0.3,1,0.3
PF,24,Andrews,Vonte,Ind,"6'7""",232,R,0,0,0,0,0,0,0,0,0,0,0,0,0,0,0,0,0,0,0,0,0,0,0,0,0,0,0,0,0,0,0
PF,87,Anthony,Ali,Tor,"6'10""",236,3,0,0,0,0,0,0,0,0,0,0,0,0,0,0,0,0,0,0,0,0,0,0,0,0,0,0,0,0,0,0,0
PG,50,Anthony,Greg,FA,"6'1""",180,14,0,0,0,0,0,0,0,0,0,0,0,0,0,0,0,0,0,0,0,0,0,0,0,0,0,0,0,0,0,0,0
SF,93,Anthony,Malcolm,Min,"6'9""",210,3,1,0,0,0,1,1,0,0,0,0,0,0,0,0,0,1,1,0,0,1,1,0,0,0,0,0,0,0,0,1,1
SF,22,Armstrong,Morgan,FA,"6'6""",219,R,0,0,0,0,0,0,0,0,0,0,0,0,0,0,0,0,0,0,0,0,0,0,0,0,0,0,0,0,0,0,0
SG,43,Arnold,Ty,Por,"6'3""",206,4,0,0,0,0,0,0,0,0,0,0,0,0,0,0,0,0,0,0,0,0,0,0,0,0,0,0,0,0,0,0,0
SF,15,Artest,Ron,Chi,"6'7""",246,6,2,2,2,1,18,9,1,1,1,0,0,0,0,0,0,0,0,4,2,4,2,0,0,1,0.5,3,1.5,1,0.5,0,0
C,83,Ashmore,Jared,FA,"6'11""",285,3,0,0,0,0,0,0,0,0,0,0,0,0,0,0,0,0,0,0,0,0,0,0,0,0,0,0,0,0,0,0,0
PG,7,Atkins,Chucky,SA,"5'11""",160,6,3,0,2,0.6,6,2,1,6,0.166,0,0,0,0,0,0,0,0,2,0.6,2,0.6,0,0,1,0.3,3,1,1,0.3,3,1
PG,5,Avery,William,Min,"6'2""",197,6,1,1,0,0,10,10,0,1,0,0,1,0,0,0,0,0,0,1,1,1,1,0,0,0,0,1,1,1,1,1,1
C,44,Bagaric,Dalibor,Hou,"7'1""",255,5,3,0,2,0.6,8,2.6,1,3,0.333,0,0,0,0,1,0,0,0,2,0.6,2,0.6,0,0,0,0,0,0,1,0.3,2,0.6
C,8,Bagwell,Levar,GS,"6'11""",250,R,0,0,0,0,0,0,0,0,0,0,0,0,0,0,0,0,0,0,0,0,0,0,0,0,0,0,0,0,0,0,0
PF,42,Baker,Vin,NY,"6'11""",250,12,1,0,2,2,3,3,1,3,0.333,0,0,0,0,0,0,0,0,1,1,1,1,0,0,1,1,0,0,1,1,3,3
PG,78,Baldwin,Davis,Van,"5'4""",166,1,0,0,0,0,0,0,0,0,0,0,0,0,0,0,0,0,0,0,0,0,0,0,0,0,0,0,0,0,0,0,0
PG,21,Barkley,Erick,Hou,"6'1""",185,5,3,3,2,0.6,30,10,1,5,0.2,0,2,0,0,0,0,0,0,0,0,0,0,0,0,0,0,0,0,0,0,2,0.6
PF,68,Barlow,Sean,Tor,"6'7""",239,4,3,0,2,0.6,6,2,1,2,0.5,0,0,0,0,1,0,0,0,0,0,0,0,0,0,0,0,0,0,0,0,3,1
SG,31,Barry,Brent,Sac,"6'6""",215,10,0,0,0,0,0,0,0,0,0,0,0,0,0,0,0,0,0,0,0,0,0,0,0,0,0,0,0,0,0,0,0
SG,20,Barry,Jon,Orl,"6'5""",210,13,4,0,8,2,15,3.7,3,8,0.375,1,3,0.333,1,1,1,1,0.2,3,0.7,4,1,0,0,1,0.2,1,0.2,0,0,4,1
C,4,Battie,Tony,Det,"6'11""",240,8,3,3,7,2.3,28,9.3,3,7,0.428,0,0,0,1,1,1,2,0.6,4,1.3,6,2,2,0.6,1,0.3,2,0.6,1,0.3,6,2
PG,71,Beck,Al,Mia,"6'3""",190,R,3,0,4,1.3,7,2.3,2,5,0.4,0,0,0,0,1,0,0,0,0,0,0,0,1,0.3,0,0,2,0.6,0,0,5,1.6
C,90,Beddis,Devon,Atl,"6'11""",247,2,0,0,0,0,0,0,0,0,0,0,0,0,0,0,0,0,0,0,0,0,0,0,0,0,0,0,0,0,0,0,0
PF,24,Bender,Jonathan,Sea,"6'11""",198,6,1,0,3,3,2,2,1,1,1,0,1,0,1,1,1,0,0,0,0,0,0,0,0,0,0,0,0,0,0,0,0
SF,25,Benjamin,Corey,Cha,"6'6""",205,7,3,0,4,1.3,6,2,2,7,0.285,0,0,0,0,0,0,1,0.3,0,0,1,0.3,0,0,2,0.6,1,0.3,0,0,4,1.3
PF,76,Benzer,Denzel,LAC,"6'6""",228,4,2,0,3,1.5,6,3,1,3,0.333,0,0,0,1,1,1,0,0,1,0.5,1,0.5,0,0,0,0,0,0,0,0,1,0.5
PG,21,Best,Regis,Sea,"6'2""",198,1,2,0,0,0,4,2,0,0,0,0,0,0,0,1,0,0,0,0,0,0,0,0,0,0,0,0,0,0,0,1,0.5
PG,4,Best,Travis,FA,"5'11""",184,10,0,0,0,0,0,0,0,0,0,0,0,0,0,0,0,0,0,0,0,0,0,0,0,0,0,0,0,0,0,0,0
PG,10,Bibby,Mike,Mil,"6'1""",190,7,1,1,0,0,9,9,0,3,0,0,0,0,0,1,0,0,0,0,0,0,0,0,0,0,0,1,1,1,1,1,1
SG,3,Billups,Chauncey,SA,"6'3""",202,8,3,3,17,5.6,27,9,8,17,0.47,0,0,0,1,2,0.5,0,0,1,0.3,1,0.3,0,0,0,0,4,1.3,1,0.3,5,1.6
SF,77,Black,Clarence,NJ,"6'9""",195,R,1,0,2,2,2,2,1,2,0.5,0,0,0,0,0,0,0,0,0,0,0,0,0,0,0,0,0,0,0,0,1,1
PG,91,Black,Dillon,LAC,"6'2""",181,R,2,2,5,2.5,17,8.5,2,3,0.666,0,0,0,1,2,0.5,0,0,2,1,2,1,0,0,0,0,2,1,0,0,3,1.5
PF,0,Black,Ron,FA,"6'10""",211,4,0,0,0,0,0,0,0,0,0,0,0,0,0,0,0,0,0,0,0,0,0,0,0,0,0,0,0,0,0,0,0
C,30,Blount,Mark,Bos,"7'0""",230,5,2,0,2,1,5,2.5,1,2,0.5,0,0,0,0,0,0,0,0,1,0.5,1,0.5,0,0,0,0,1,0.5,1,0.5,2,1
C,27,Bogues,Michael,NY,"7'1""",279,R,1,0,3,3,3,3,1,3,0.333,0,0,0,1,1,1,1,1,1,1,2,2,1,1,1,1,1,1,0,0,1,1
SG,8,Bolin,Anthony,NJ,"6'3""",215,R,0,0,0,0,0,0,0,0,0,0,0,0,0,0,0,0,0,0,0,0,0,0,0,0,0,0,0,0,0,0,0
SF,2,Booth,Bobby,FA,"6'5""",218,3,0,0,0,0,0,0,0,0,0,0,0,0,0,0,0,0,0,0,0,0,0,0,0,0,0,0,0,0,0,0,0
C,52,Booth,Calvin,Bos,"6'11""",241,6,2,0,3,1.5,3,1.5,1,2,0.5,0,0,0,1,2,0.5,0,0,1,0.5,1,0.5,0,0,1,0.5,0,0,0,0,2,1
PF,3,Bowdler,Cal,GS,"6'10""",245,6,2,0,2,1,4,2,1,1,1,0,0,0,0,0,0,0,0,2,1,2,1,0,0,2,1,0,0,0,0,1,0.5
SF,12,Bowen,Bruce,FA,"6'7""",200,9,0,0,0,0,0,0,0,0,0,0,0,0,0,0,0,0,0,0,0,0,0,0,0,0,0,0,0,0,0,0,0
SF,42,Bowen,Ryan,Pho,"6'7""",220,6,3,0,2,0.6,6,2,1,2,0.5,0,0,0,0,1,0,1,0.3,0,0,1,0.3,0,0,1,0.3,0,0,1,0.3,3,1
PG,11,Boykins,Earl,Atl,"5'5""",133,7,1,1,3,3,9,9,1,2,0.5,0,1,0,1,1,1,0,0,1,1,1,1,0,0,0,0,1,1,0,0,0,0
SG,78,Bradford,Fred,LAC,"6'4""",196,1,0,0,0,0,0,0,0,0,0,0,0,0,0,0,0,0,0,0,0,0,0,0,0,0,0,0,0,0,0,0,0
C,44,Bradley,Shawn,NJ,"7'6""",263,12,1,0,0,0,2,2,0,1,0,0,0,0,0,0,0,0,0,0,0,0,0,0,0,0,0,0,0,0,0,1,1
SF,1,Braggs,Antonio,FA,"6'10""",219,R,0,0,0,0,0,0,0,0,0,0,0,0,0,0,0,0,0,0,0,0,0,0,0,0,0,0,0,0,0,0,0
PF,42,Brand,Elton,Ind,"6'8""",260,6,3,3,14,4.6,28,9.3,5,12,0.416,0,0,0,4,5,0.8,3,1,4,1.3,7,2.3,1,0.3,0,0,0,0,1,0.3,6,2
SF,19,Brewer,Thomas,Van,"6'11""",231,2,0,0,0,0,0,0,0,0,0,0,0,0,0,0,0,0,0,0,0,0,0,0,0,0,0,0,0,0,0,0,0
PG,8,Brooke,Toni,Tor,"6'2""",175,1,0,0,0,0,0,0,0,0,0,0,0,0,0,0,0,0,0,0,0,0,0,0,0,0,0,0,0,0,0,0,0
SG,7,Brown,Dee,FA,"6'2""",205,15,0,0,0,0,0,0,0,0,0,0,0,0,0,0,0,0,0,0,0,0,0,0,0,0,0,0,0,0,0,0,0
SF,96,Brown,Grant,Utah,"6'7""",221,2,2,2,24,12,19,9.5,11,19,0.578,0,0,0,2,5,0.4,0,0,2,1,2,1,1,0.5,0,0,0,0,1,0.5,2,1
PF,20,Brown,Hamed,Utah,"6'8""",229,R,0,0,0,0,0,0,0,0,0,0,0,0,0,0,0,0,0,0,0,0,0,0,0,0,0,0,0,0,0,0,0
SG,18,Brown,Levar,GS,"6'5""",202,2,2,2,13,6.5,20,10,5,11,0.454,1,4,0.25,2,3,0.666,1,0.5,0,0,1,0.5,0,0,1,0.5,0,0,0,0,1,0.5
C,81,Brown,Omar,Bos,"7'0""",245,2,2,0,4,2,5,2.5,2,5,0.4,0,0,0,0,1,0,0,0,0,0,0,0,1,0.5,0,0,0,0,1,0.5,2,1
PF,42,Brown,P.J.,SA,"6'11""",240,12,0,0,0,0,0,0,0,0,0,0,0,0,0,0,0,0,0,0,0,0,0,0,0,0,0,0,0,0,0,0,0
SG,8,Bryant,Kobe,LAC,"6'7""",210,9,2,2,13,6.5,18,9,5,12,0.416,0,0,0,3,4,0.75,2,1,2,1,4,2,0,0,0,0,3,1.5,1,0.5,3,1.5
SG,21,Buckner,Greg,Hou,"6'4""",210,6,3,0,0,0,3,1,0,0,0,0,1,0,0,1,0,0,0,1,0.3,1,0.3,0,0,0,0,1,0.3,0,0,2,0.6
SF,50,Bullard,Matt,FA,"6'10""",235,14,0,0,0,0,0,0,0,0,0,0,0,0,0,0,0,0,0,0,0,0,0,0,0,0,0,0,0,0,0,0,0
PF,41,Burton,Antonio,FA,"6'10""",230,2,0,0,0,0,0,0,0,0,0,0,0,0,0,0,0,0,0,0,0,0,0,0,0,0,0,0,0,0,0,0,0
SF,88,Burton,Michael,Mia,"6'7""",205,4,3,0,6,2,6,2,3,5,0.6,0,0,0,0,0,0,0,0,1,0.3,1,0.3,0,0,0,0,0,0,1,0.3,2,0.6
SF,37,Butler,Theo,Mil,"6'7""",197,2,1,0,3,3,2,2,1,3,0.333,0,0,0,1,1,1,0,0,0,0,0,0,0,0,0,0,0,0,0,0,1,1
PF,28,Butler,Tyson,Phi,"7'0""",216,1,0,0,0,0,0,0,0,0,0,0,0,0,0,0,0,0,0,0,0,0,0,0,0,0,0,0,0,0,0,0,0
PF,35,Caffey,Jason,Orl,"6'8""",256,10,4,0,6,1.5,9,2.2,2,5,0.4,0,0,0,2,3,0.666,0,0,2,0.5,2,0.5,0,0,0,0,1,0.2,0,0,10,2.5
C,23,Camby,Marcus,Cle,"6'11""",225,9,3,3,9,3,27,9,4,9,0.444,0,0,0,1,2,0.5,2,0.6,4,1.3,6,2,1,0.3,0,0,1,0.3,3,1,5,1.6
SG,54,Capell,Jerald,Ind,"6'5""",196,4,3,0,8,2.6,12,4,3,9,0.333,1,1,1,1,2,0.5,0,0,1,0.3,1,0.3,0,0,0,0,0,0,0,0,2,0.6
SF,35,Cardinal,Brian,Sac,"6'8""",245,5,0,0,0,0,0,0,0,0,0,0,0,0,0,0,0,0,0,0,0,0,0,0,0,0,0,0,0,0,0,0,0
SF,21,Carlin,Antoine,LAL,"6'10""",222,2,0,0,0,0,0,0,0,0,0,0,0,0,0,0,0,0,0,0,0,0,0,0,0,0,0,0,0,0,0,0,0
SF,94,Carpenter,Doug,NJ,"6'8""",234,2,1,0,2,2,2,2,1,1,1,0,0,0,0,0,0,1,1,1,1,2,2,0,0,1,1,0,0,0,0,1,1
SG,43,Carr,Chris,NJ,"6'6""",220,10,0,0,0,0,0,0,0,0,0,0,0,0,0,0,0,0,0,0,0,0,0,0,0,0,0,0,0,0,0,0,0
C,77,Carr,Zachary,FA,"7'2""",286,2,0,0,0,0,0,0,0,0,0,0,0,0,0,0,0,0,0,0,0,0,0,0,0,0,0,0,0,0,0,0,0
SF,6,Carrera,Leon,FA,"6'6""",225,2,0,0,0,0,0,0,0,0,0,0,0,0,0,0,0,0,0,0,0,0,0,0,0,0,0,0,0,0,0,0,0
PG,25,Carter,Anthony,Was,"6'2""",195,6,2,2,3,1.5,18,9,1,4,0.25,0,1,0,1,1,1,0,0,0,0,0,0,0,0,1,0.5,3,1.5,0,0,2,1
PF,7,Carter,Levi,Utah,"6'8""",213,R,2,0,2,1,4,2,1,3,0.333,0,0,0,0,0,0,0,0,2,1,2,1,1,0.5,1,0.5,0,0,0,0,2,1
SG,15,Carter,Vince,LAL,"6'6""",225,7,0,0,0,0,0,0,0,0,0,0,0,0,0,0,0,0,0,0,0,0,0,0,0,0,0,0,0,0,0,0,0
SG,39,Case,Madu,Sac,"6'6""",200,3,0,0,0,0,0,0,0,0,0,0,0,0,0,0,0,0,0,0,0,0,0,0,0,0,0,0,0,0,0,0,0
PG,10,Cassell,Sam,Bos,"6'3""",185,12,0,0,0,0,0,0,0,0,0,0,0,0,0,0,0,0,0,0,0,0,0,0,0,0,0,0,0,0,0,0,0
SF,82,Cates,Michael,FA,"6'9""",204,R,0,0,0,0,0,0,0,0,0,0,0,0,0,0,0,0,0,0,0,0,0,0,0,0,0,0,0,0,0,0,0
C,13,Cato,Kelvin,LAC,"6'11""",255,8,2,2,11,5.5,19,9.5,5,8,0.625,0,0,0,1,4,0.25,0,0,2,1,2,1,0,0,0,0,1,0.5,1,0.5,4,2
SF,23,Ceballos,Cedric,FA,"6'7""",220,15,0,0,0,0,0,0,0,0,0,0,0,0,0,0,0,0,0,0,0,0,0,0,0,0,0,0,0,0,0,0,0
SG,77,Cherry,Anthony,Por,"6'5""",214,R,0,0,0,0,0,0,0,0,0,0,0,0,0,0,0,0,0,0,0,0,0,0,0,0,0,0,0,0,0,0,0
SG,13,Christie,Doug,Por,"6'6""",205,13,0,0,0,0,0,0,0,0,0,0,0,0,0,0,0,0,0,0,0,0,0,0,0,0,0,0,0,0,0,0,0
SF,42,Clark,Anthony,FA,"6'7""",216,R,0,0,0,0,0,0,0,0,0,0,0,0,0,0,0,0,0,0,0,0,0,0,0,0,0,0,0,0,0,0,0
C,15,Clark,Keon,Tor,"6'11""",220,7,3,0,2,0.6,3,1,1,2,0.5,0,0,0,0,0,0,0,0,0,0,0,0,2,0.6,0,0,0,0,1,0.3,5,1.6
PG,12,Claxton,Craig,Utah,"5'11""",166,5,2,2,4,2,18,9,1,7,0.142,1,4,0.25,1,2,0.5,0,0,2,1,2,1,0,0,1,0.5,3,1.5,2,1,2,1
PG,24,Cleaves,Mateen,Dal,"6'2""",205,5,2,2,3,1.5,18,9,1,5,0.2,0,0,0,1,2,0.5,0,0,0,0,0,0,0,0,0,0,0,0,2,1,2,1
C,33,Closs,Keith,Mia,"7'3""",212,8,3,0,4,1.3,7,2.3,2,4,0.5,0,0,0,0,1,0,3,1,2,0.6,5,1.6,0,0,0,0,0,0,0,0,3,1
C,52,Collier,Jason,Ind,"7'0""",260,5,3,0,4,1.3,6,2,2,4,0.5,0,0,0,0,0,0,0,0,1,0.3,1,0.3,1,0.3,0,0,0,0,1,0.3,1,0.3
PF,10,Cooper,Marcus,NJ,"6'8""",232,2,0,0,0,0,0,0,0,0,0,0,0,0,0,0,0,0,0,0,0,0,0,0,0,0,0,0,0,0,0,0,0
PF,11,Cooper,Theobald,FA,"6'11""",234,2,0,0,0,0,0,0,0,0,0,0,0,0,0,0,0,0,0,0,0,0,0,0,0,0,0,0,0,0,0,0,0
SG,90,Cooper,Tim,Mil,"6'5""",203,R,0,0,0,0,0,0,0,0,0,0,0,0,0,0,0,0,0,0,0,0,0,0,0,0,0,0,0,0,0,0,0
PG,0,Craft,Anthony,SA,"6'2""",184,R,3,0,6,2,6,2,3,7,0.428,0,0,0,0,1,0,0,0,0,0,0,0,0,0,0,0,0,0,0,0,3,1
PF,14,Craft,Doug,Cle,"6'6""",227,R,3,0,2,0.6,11,3.6,0,0,0,0,1,0,2,3,0.666,2,0.6,6,2,8,2.6,0,0,1,0.3,0,0,1,0.3,3,1
SF,4,Crawford,Chris,GS,"6'9""",235,8,1,0,2,2,2,2,1,1,1,0,0,0,0,0,0,1,1,0,0,1,1,0,0,0,0,0,0,0,0,1,1
PG,1,Crawford,Jamal,LAL,"6'6""",185,5,0,0,0,0,0,0,0,0,0,0,0,0,0,0,0,0,0,0,0,0,0,0,0,0,0,0,0,0,0,0,0
SF,44,Croshere,Austin,Chi,"6'9""",242,8,2,2,6,3,18,9,2,5,0.4,0,1,0,2,2,1,1,0.5,5,2.5,6,3,1,0.5,0,0,2,1,0,0,0,0
PG,5,Cummings,Vonteego,SA,"6'3""",190,6,3,3,8,2.6,25,8.3,4,8,0.5,0,0,0,0,0,0,2,0.6,1,0.3,3,1,1,0.3,1,0.3,4,1.3,1,0.3,3,1
C,52,Cunningham,William,FA,"6'11""",240,7,0,0,0,0,0,0,0,0,0,0,0,0,0,0,0,0,0,0,0,0,0,0,0,0,0,0,0,0,0,0,0
PF,9,Daly,Ben,Mil,"6'8""",224,4,1,0,0,0,2,2,0,0,0,0,0,0,0,1,0,0,0,1,1,1,1,0,0,0,0,0,0,0,0,1,1
C,25,Dampier,Erick,Mia,"6'11""",265,9,3,0,2,0.6,6,2,1,4,0.25,0,0,0,0,0,0,0,0,1,0.3,1,0.3,0,0,0,0,1,0.3,1,0.3,5,1.6
C,49,Daniels,Aidan,FA,"6'11""",269,1,0,0,0,0,0,0,0,0,0,0,0,0,0,0,0,0,0,0,0,0,0,0,0,0,0,0,0,0,0,0,0
SG,33,Daniels,Antonio,Bos,"6'4""",205,8,2,0,4,2,5,2.5,2,4,0.5,0,1,0,0,0,0,0,0,1,0.5,1,0.5,0,0,0,0,1,0.5,0,0,2,1
PF,94,Daniels,Bobby,NY,"6'11""",229,3,0,0,0,0,0,0,0,0,0,0,0,0,0,0,0,0,0,0,0,0,0,0,0,0,0,0,0,0,0,0,0
PF,6,Daniels,Ty,Pho,"6'10""",243,R,0,0,0,0,0,0,0,0,0,0,0,0,0,0,0,0,0,0,0,0,0,0,0,0,0,0,0,0,0,0,0
PF,9,David,Kornel,FA,"6'9""",230,7,0,0,0,0,0,0,0,0,0,0,0,0,0,0,0,0,0,0,0,0,0,0,0,0,0,0,0,0,0,0,0
C,22,Davies,Shawn,FA,"7'0""",247,3,0,0,0,0,0,0,0,0,0,0,0,0,0,0,0,0,0,0,0,0,0,0,0,0,0,0,0,0,0,0,0
SG,1,Davis,Baron,Chi,"6'3""",212,6,2,2,8,4,18,9,3,6,0.5,0,1,0,2,2,1,0,0,0,0,0,0,3,1.5,2,1,1,0.5,0,0,2,1
PF,15,Davis,Cameron,FA,"6'9""",212,2,0,0,0,0,0,0,0,0,0,0,0,0,0,0,0,0,0,0,0,0,0,0,0,0,0,0,0,0,0,0,0
C,34,Davis,Dale,FA,"6'11""",252,14,0,0,0,0,0,0,0,0,0,0,0,0,0,0,0,0,0,0,0,0,0,0,0,0,0,0,0,0,0,0,0
SG,24,Davis,Hubert,FA,"6'5""",183,13,0,0,0,0,0,0,0,0,0,0,0,0,0,0,0,0,0,0,0,0,0,0,0,0,0,0,0,0,0,0,0
SF,21,Davis,Ricky,Cle,"6'6""",195,7,3,3,9,3,28,9.3,4,7,0.571,0,0,0,1,1,1,2,0.6,2,0.6,4,1.3,0,0,1,0.3,2,0.6,1,0.3,1,0.3
PG,70,Davis,Theo,Mil,"6'2""",193,1,1,0,0,0,1,1,0,1,0,0,0,0,0,0,0,0,0,0,0,0,0,0,0,0,0,0,0,0,0,1,1
SG,11,Day,Todd,FA,"6'6""",188,12,0,0,0,0,0,0,0,0,0,0,0,0,0,0,0,0,0,0,0,0,0,0,0,0,0,0,0,0,0,0,0
C,55,DeClercq,Andrew,Atl,"6'10""",255,10,1,0,2,2,2,2,1,2,0.5,0,0,0,0,0,0,0,0,1,1,1,1,0,0,1,1,0,0,1,1,2,2
SG,6,Dehere,Malcolm,Det,"6'6""",205,3,3,0,9,3,11,3.6,4,8,0.5,0,0,0,1,2,0.5,1,0.3,0,0,1,0.3,0,0,0,0,1,0.3,0,0,2,0.6
PG,0,Delk,Tony,Cha,"6'2""",189,9,3,0,4,1.3,6,2,2,7,0.285,0,0,0,0,1,0,2,0.6,0,0,2,0.6,0,0,0,0,0,0,1,0.3,4,1.3
SG,5,Dial,Derrick,Bos,"6'4""",185,6,2,0,4,2,4,2,2,7,0.285,0,1,0,0,0,0,1,0.5,2,1,3,1.5,0,0,1,0.5,1,0.5,1,0.5,2,1
SG,8,Dickerson,Michael,Atl,"6'5""",190,7,1,1,5,5,10,10,2,6,0.333,0,0,0,1,1,1,0,0,0,0,0,0,0,0,1,1,1,1,0,0,1,1
C,21,Divac,Vlade,FA,"7'1""",260,16,0,0,0,0,0,0,0,0,0,0,0,0,0,0,0,0,0,0,0,0,0,0,0,0,0,0,0,0,0,0,0
SG,96,Dixon,Cerdic,Dal,"6'8""",187,R,2,0,7,3.5,7,3.5,3,11,0.272,0,0,0,1,3,0.333,0,0,1,0.5,1,0.5,0,0,0,0,1,0.5,1,0.5,2,1
C,90,Dixon,Elmo,Orl,"7'0""",257,3,5,5,14,2.8,45,9,4,10,0.4,0,0,0,6,8,0.75,5,1,2,0.4,7,1.4,3,0.6,2,0.4,1,0.2,3,0.6,3,0.6
PF,46,Dixon,Theo,FA,"6'8""",234,3,0,0,0,0,0,0,0,0,0,0,0,0,0,0,0,0,0,0,0,0,0,0,0,0,0,0,0,0,0,0,0
C,51,Doleac,Michael,Mil,"6'11""",262,7,1,1,4,4,8,8,2,2,1,0,0,0,0,0,0,1,1,1,1,2,2,0,0,0,0,0,0,0,0,1,1
PG,1,Dooling,Keyon,Mia,"6'3""",184,5,3,3,8,2.6,25,8.3,2,5,0.4,0,0,0,4,6,0.666,0,0,0,0,0,0,0,0,1,0.3,1,0.3,3,1,4,1.3
PG,24,Drew,Bryce,GS,"6'3""",185,7,2,2,6,3,19,9.5,3,7,0.428,0,0,0,0,0,0,0,0,2,1,2,1,0,0,1,0.5,3,1.5,1,0.5,1,0.5
SF,33,Drummond,Jamal,Mia,"6'11""",226,R,0,0,0,0,0,0,0,0,0,0,0,0,0,0,0,0,0,0,0,0,0,0,0,0,0,0,0,0,0,0,0
PF,21,Duncan,Tim,Det,"7'0""",260,8,3,3,18,6,27,9,7,17,0.411,0,0,0,4,6,0.666,2,0.6,7,2.3,9,3,0,0,1,0.3,2,0.6,2,0.6,4,1.3
PF,59,Dunn,Grant,FA,"6'11""",248,4,0,0,0,0,0,0,0,0,0,0,0,0,0,0,0,0,0,0,0,0,0,0,0,0,0,0,0,0,0,0,0
SG,80,Dvorak,Igor,Ind,"6'5""",206,4,3,3,12,4,28,9.3,4,10,0.4,1,2,0.5,3,4,0.75,2,0.6,3,1,5,1.6,0,0,1,0.3,1,0.3,0,0,5,1.6
SG,64,Easton,Alonzo,Utah,"6'5""",206,3,2,0,2,1,8,4,1,5,0.2,0,0,0,0,0,0,0,0,0,0,0,0,0,0,0,0,0,0,0,0,2,1
PG,2,Edney,Tyus,FA,"5'10""",152,8,0,0,0,0,0,0,0,0,0,0,0,0,0,0,0,0,0,0,0,0,0,0,0,0,0,0,0,0,0,0,0
PF,1,Edwards,Omar,Chi,"6'7""",220,3,2,0,7,3.5,6,3,3,3,1,0,0,0,1,1,1,0,0,2,1,2,1,0,0,0,0,0,0,0,0,0,0
PG,9,Eisley,Howard,Was,"6'2""",180,11,2,0,4,2,5,2.5,2,3,0.666,0,0,0,0,1,0,0,0,1,0.5,1,0.5,0,0,0,0,3,1.5,1,0.5,3,1.5
PF,54,Ekezie,Obinna,Was,"6'9""",270,6,2,0,3,1.5,6,3,1,2,0.5,0,0,0,1,2,0.5,0,0,1,0.5,1,0.5,0,0,0,0,1,0.5,1,0.5,2,1
PG,2,El-Amin,Khalid,Den,"5'10""",200,5,2,2,5,2.5,17,8.5,2,7,0.285,0,1,0,1,2,0.5,1,0.5,1,0.5,2,1,0,0,2,1,1,0.5,2,1,2,1
C,13,Ellis,Al,FA,"7'0""",265,4,0,0,0,0,0,0,0,0,0,0,0,0,0,0,0,0,0,0,0,0,0,0,0,0,0,0,0,0,0,0,0
SF,32,Ellis,Duane,Mia,"6'8""",198,2,0,0,0,0,0,0,0,0,0,0,0,0,0,0,0,0,0,0,0,0,0,0,0,0,0,0,0,0,0,0,0
C,6,Ellis,Jamal,LAC,"6'11""",281,3,2,0,4,2,4,2,1,2,0.5,0,0,0,2,2,1,1,0.5,1,0.5,2,1,1,0.5,0,0,1,0.5,0,0,2,1
PF,3,Ellis,LaPhonso,FA,"6'8""",240,13,0,0,0,0,0,0,0,0,0,0,0,0,0,0,0,0,0,0,0,0,0,0,0,0,0,0,0,0,0,0,0
C,93,Ellis,Rodney,Mil,"6'11""",283,3,1,0,0,0,2,2,0,1,0,0,0,0,0,1,0,1,1,1,1,2,2,0,0,0,0,0,0,0,0,1,1
C,64,Ellison,Jamal,FA,"7'0""",244,3,0,0,0,0,0,0,0,0,0,0,0,0,0,0,0,0,0,0,0,0,0,0,0,0,0,0,0,0,0,0,0
PF,77,Erwin,Bob,FA,"6'11""",212,4,0,0,0,0,0,0,0,0,0,0,0,0,0,0,0,0,0,0,0,0,0,0,0,0,0,0,0,0,0,0,0
C,42,Eschmeyer,Evan,Utah,"6'11""",255,6,2,0,0,0,4,2,0,0,0,0,0,0,0,0,0,1,0.5,2,1,3,1.5,1,0.5,1,0.5,1,0.5,1,0.5,4,2
SG,36,Eyles,Marcel,Atl,"6'6""",189,R,0,0,0,0,0,0,0,0,0,0,0,0,0,0,0,0,0,0,0,0,0,0,0,0,0,0,0,0,0,0,0
SG,10,Fargus,Marcel,LAL,"6'6""",186,1,0,0,0,0,0,0,0,0,0,0,0,0,0,0,0,0,0,0,0,0,0,0,0,0,0,0,0,0,0,0,0
SF,60,Farlow,Roshown,FA,"6'9""",225,4,0,0,0,0,0,0,0,0,0,0,0,0,0,0,0,0,0,0,0,0,0,0,0,0,0,0,0,0,0,0,0
PF,11,Favreau,Corey,Min,"6'10""",241,2,0,0,0,0,0,0,0,0,0,0,0,0,0,0,0,0,0,0,0,0,0,0,0,0,0,0,0,0,0,0,0
C,14,Feick,Jamie,LAL,"6'8""",255,9,0,0,0,0,0,0,0,0,0,0,0,0,0,0,0,0,0,0,0,0,0,0,0,0,0,0,0,0,0,0,0
SF,35,Ferry,Danny,FA,"6'10""",235,15,0,0,0,0,0,0,0,0,0,0,0,0,0,0,0,0,0,0,0,0,0,0,0,0,0,0,0,0,0,0,0
SG,4,Finley,Michael,Sea,"6'7""",215,10,2,2,8,4,19,9.5,4,8,0.5,0,1,0,0,1,0,0,0,2,1,2,1,0,0,1,0.5,3,1.5,0,0,1,0.5
PF,29,Finley,Vernell,FA,"6'9""",241,4,0,0,0,0,0,0,0,0,0,0,0,0,0,0,0,0,0,0,0,0,0,0,0,0,0,0,0,0,0,0,0
PG,2,Fisher,Derek,Sea,"6'1""",200,9,2,2,4,2,20,10,2,4,0.5,0,1,0,0,0,0,2,1,1,0.5,3,1.5,0,0,0,0,2,1,0,0,2,1
SF,21,Fizer,Marcus,Sea,"6'9""",262,5,2,2,8,4,18,9,4,7,0.571,0,1,0,0,0,0,1,0.5,1,0.5,2,1,0,0,1,0.5,1,0.5,0,0,2,1
PF,21,Fortson,Danny,Bos,"6'7""",260,8,2,2,5,2.5,17,8.5,2,4,0.5,0,0,0,1,1,1,3,1.5,8,4,11,5.5,0,0,1,0.5,1,0.5,1,0.5,3,1.5
SF,10,Foster,Jeff,Mia,"6'11""",242,6,3,3,3,1,28,9.3,1,2,0.5,0,0,0,1,2,0.5,0,0,1,0.3,1,0.3,0,0,0,0,0,0,0,0,2,0.6
SF,17,Fox,Rick,FA,"6'7""",242,14,0,0,0,0,0,0,0,0,0,0,0,0,0,0,0,0,0,0,0,0,0,0,0,0,0,0,0,0,0,0,0
PF,31,Foyle,Adonal,Det,"6'10""",250,8,2,0,2,1,4,2,1,2,0.5,0,0,0,0,0,0,0,0,1,0.5,1,0.5,0,0,0,0,1,0.5,0,0,3,1.5
PG,3,Francis,Steve,Tor,"6'3""",193,6,3,3,16,5.3,29,9.6,6,12,0.5,1,3,0.333,3,5,0.6,0,0,1,0.3,1,0.3,0,0,2,0.6,5,1.6,3,1,5,1.6
C,35,Fuller,Todd,Cle,"6'11""",255,9,2,0,3,1.5,4,2,1,2,0.5,0,0,0,1,1,1,1,0.5,2,1,3,1.5,0,0,1,0.5,0,0,1,0.5,1,0.5
PF,51,Funderburke,Lawrence,Mia,"6'9""",230,8,0,0,0,0,0,0,0,0,0,0,0,0,0,0,0,0,0,0,0,0,0,0,0,0,0,0,0,0,0,0,0
PF,21,Garces,Ruben,FA,"6'9""",245,5,0,0,0,0,0,0,0,0,0,0,0,0,0,0,0,0,0,0,0,0,0,0,0,0,0,0,0,0,0,0,0
PF,21,Garnett,Kevin,Min,"6'11""",220,10,1,1,7,7,11,11,3,6,0.5,0,1,0,1,2,0.5,0,0,1,1,1,1,1,1,0,0,1,1,1,1,2,2
PF,16,Garren,Ray,Ind,"6'8""",241,1,3,1,3,1,12,4,1,5,0.2,0,0,0,1,1,1,2,0.6,0,0,2,0.6,0,0,0,0,0,0,0,0,4,1.3
PF,48,Garrett,Emmet,LAC,"7'0""",213,2,2,0,1,0.5,5,2.5,0,1,0,0,0,0,1,2,0.5,0,0,2,1,2,1,1,0.5,0,0,1,0.5,1,0.5,2,1
PF,8,Garrity,Pat,Van,"6'9""",238,7,4,4,14,3.5,39,9.7,6,16,0.375,1,4,0.25,1,2,0.5,3,0.7,3,0.7,6,1.5,0,0,0,0,1,0.2,3,0.7,3,0.7
PF,34,Gartner,Saul,Atl,"6'10""",220,1,1,0,0,0,2,2,0,0,0,0,0,0,0,0,0,0,0,1,1,1,1,0,0,0,0,0,0,0,0,1,1
PF,52,Geiger,Matt,Mil,"7'1""",248,13,0,0,0,0,0,0,0,0,0,0,0,0,0,0,0,0,0,0,0,0,0,0,0,0,0,0,0,0,0,0,0
SF,3,George,Devean,Mil,"6'8""",220,6,1,1,0,0,9,9,0,1,0,0,0,0,0,0,0,1,1,0,0,1,1,0,0,0,0,1,1,0,0,0,0
PG,42,Gilmore,Dan,FA,"6'1""",165,3,0,0,0,0,0,0,0,0,0,0,0,0,0,0,0,0,0,0,0,0,0,0,0,0,0,0,0,0,0,0,0
SG,5,Glover,Dion,Cha,"6'5""",220,6,2,0,2,1,4,2,1,2,0.5,0,1,0,0,0,0,0,0,0,0,0,0,0,0,0,0,1,0.5,1,0.5,1,0.5
SG,38,Goldberg,Branton,Hou,"6'5""",212,3,3,0,2,0.6,4,1.3,1,3,0.333,0,0,0,0,1,0,0,0,0,0,0,0,0,0,0,0,0,0,0,0,2,0.6
C,44,Grant,Brian,Cha,"6'9""",250,11,2,2,8,4,19,9.5,3,9,0.333,0,0,0,2,4,0.5,0,0,5,2.5,5,2.5,0,0,1,0.5,1,0.5,1,0.5,3,1.5
PG,87,Grant,Derek,FA,"6'2""",194,3,0,0,0,0,0,0,0,0,0,0,0,0,0,0,0,0,0,0,0,0,0,0,0,0,0,0,0,0,0,0,0
SF,0,Grant,Peter,Pho,"6'7""",205,1,3,3,16,5.3,27,9,6,13,0.461,0,0,0,4,5,0.8,0,0,2,0.6,2,0.6,0,0,2,0.6,1,0.3,1,0.3,5,1.6
SG,69,Green,Bryan,FA,"6'5""",186,2,0,0,0,0,0,0,0,0,0,0,0,0,0,0,0,0,0,0,0,0,0,0,0,0,0,0,0,0,0,0,0
PG,15,Green,Michael,Cha,"6'5""",162,3,3,0,4,1.3,6,2,1,3,0.333,1,2,0.5,1,2,0.5,0,0,2,0.6,2,0.6,0,0,0,0,0,0,0,0,3,1
PF,52,Green,Tafalla,Cha,"6'11""",212,2,3,0,3,1,10,3.3,1,2,0.5,0,1,0,1,2,0.5,0,0,0,0,0,0,1,0.3,0,0,0,0,1,0.3,3,1
C,29,Green,Von,FA,"6'10""",281,4,0,0,0,0,0,0,0,0,0,0,0,0,0,0,0,0,0,0,0,0,0,0,0,0,0,0,0,0,0,0,0
SF,44,Griffin,Adrian,LAL,"6'5""",215,6,0,0,0,0,0,0,0,0,0,0,0,0,0,0,0,0,0,0,0,0,0,0,0,0,0,0,0,0,0,0,0
SG,30,Grodin,Matt,FA,"6'5""",215,4,0,0,0,0,0,0,0,0,0,0,0,0,0,0,0,0,0,0,0,0,0,0,0,0,0,0,0,0,0,0,0
PG,11,Guyton,A.J.,Por,"6'2""",185,5,1,0,3,3,3,3,1,3,0.333,1,2,0.5,0,1,0,1,1,0,0,1,1,0,0,0,0,1,1,1,1,0,0
PF,89,Hagman,Vonte,Mil,"7'0""",215,4,1,1,2,2,8,8,0,2,0,0,0,0,2,2,1,1,1,0,0,1,1,0,0,0,0,1,1,0,0,0,0
SF,21,Ham,Darvin,Van,"6'7""",240,8,3,0,0,0,4,1.3,0,1,0,0,0,0,0,0,0,0,0,0,0,0,0,0,0,0,0,0,0,0,0,3,1
SG,32,Hamilton,Richard,Den,"6'6""",185,6,2,2,7,3.5,18,9,3,10,0.3,0,0,0,1,2,0.5,0,0,1,0.5,1,0.5,0,0,0,0,2,1,1,0.5,2,1
PF,25,Hamilton,Zendon,Mil,"6'11""",240,5,0,0,0,0,0,0,0,0,0,0,0,0,0,0,0,0,0,0,0,0,0,0,0,0,0,0,0,0,0,0,0
PG,34,Hammonds,Eli,Phi,"6'5""",169,R,4,0,6,1.5,6,1.5,3,7,0.428,0,1,0,0,1,0,0,0,0,0,0,0,0,0,0,0,2,0.5,0,0,5,1.2
SF,12,Hanlon,Allen,FA,"6'7""",210,R,0,0,0,0,0,0,0,0,0,0,0,0,0,0,0,0,0,0,0,0,0,0,0,0,0,0,0,0,0,0,0
PF,73,Hanson,Etdrick,Dal,"6'9""",222,3,2,2,4,2,19,9.5,1,4,0.25,0,0,0,2,3,0.666,2,1,1,0.5,3,1.5,1,0.5,0,0,1,0.5,1,0.5,2,1
SG,1,Hardaway,Anfernee,Hou,"6'7""",215,12,2,0,0,0,2,1,0,1,0,0,0,0,0,0,0,0,0,0,0,0,0,0,0,1,0.5,1,0.5,0,0,1,0.5
PF,85,Hardaway,Filbert,Orl,"6'7""",232,2,0,0,0,0,0,0,0,0,0,0,0,0,0,0,0,0,0,0,0,0,0,0,0,0,0,0,0,0,0,0,0
PF,38,Hardaway,Justin,FA,"6'10""",223,4,0,0,0,0,0,0,0,0,0,0,0,0,0,0,0,0,0,0,0,0,0,0,0,0,0,0,0,0,0,0,0
SG,8,Harding,Oliver,FA,"6'5""",206,3,0,0,0,0,0,0,0,0,0,0,0,0,0,0,0,0,0,0,0,0,0,0,0,0,0,0,0,0,0,0,0
SG,15,Harpring,Matt,Cle,"6'7""",231,7,3,0,0,0,4,1.3,0,1,0,0,0,0,0,0,0,0,0,1,0.3,1,0.3,0,0,0,0,0,0,0,0,5,1.6
SG,3,Harrington,Al,Phi,"6'9""",254,7,4,0,8,2,10,2.5,3,8,0.375,1,2,0.5,1,2,0.5,1,0.2,2,0.5,3,0.7,1,0.2,2,0.5,2,0.5,2,0.5,5,1.2
PF,24,Harrington,Othella,GS,"6'9""",235,9,2,2,8,4,19,9.5,3,8,0.375,0,0,0,2,3,0.666,0,0,2,1,2,1,0,0,0,0,1,0.5,0,0,3,1.5
SG,12,Harris,Lucious,FA,"6'5""",205,12,0,0,0,0,0,0,0,0,0,0,0,0,0,0,0,0,0,0,0,0,0,0,0,0,0,0,0,0,0,0,0
PG,7,Hart,Jason,Cle,"6'3""",185,5,3,3,6,2,28,9.3,3,8,0.375,0,0,0,0,0,0,0,0,1,0.3,1,0.3,0,0,0,0,0,0,2,0.6,1,0.3
C,32,Hartley,Cameron,Cha,"6'11""",264,4,3,0,2,0.6,6,2,0,1,0,0,0,0,2,3,0.666,2,0.6,1,0.3,3,1,0,0,0,0,0,0,0,0,2,0.6
SF,1,Harvey,Donnell,LAL,"6'8""",216,5,0,0,0,0,0,0,0,0,0,0,0,0,0,0,0,0,0,0,0,0,0,0,0,0,0,0,0,0,0,0,0
PF,21,Hatcher,Sam,Det,"6'11""",213,R,0,0,0,0,0,0,0,0,0,0,0,0,0,0,0,0,0,0,0,0,0,0,0,0,0,0,0,0,0,0,0
SG,26,Hatcher,Thomas,FA,"6'5""",190,4,0,0,0,0,0,0,0,0,0,0,0,0,0,0,0,0,0,0,0,0,0,0,0,0,0,0,0,0,0,0,0
PG,17,Hawkins,Michael,NY,"6'0""",180,8,1,0,0,0,2,2,0,1,0,0,0,0,0,0,0,0,0,0,0,0,0,0,0,0,0,1,1,0,0,0,0
C,72,Haydorn,Jermaine,GS,"7'1""",281,3,2,0,3,1.5,6,3,1,3,0.333,0,0,0,1,2,0.5,2,1,0,0,2,1,0,0,0,0,0,0,0,0,1,0.5
PF,44,Henderson,Alan,Min,"6'9""",245,10,1,0,2,2,2,2,1,1,1,0,0,0,0,0,0,0,0,0,0,0,0,0,0,0,0,0,0,0,0,1,1
SF,45,Henderson,Cedric,Min,"6'7""",225,8,1,0,0,0,2,2,0,2,0,0,0,0,0,0,0,0,0,0,0,0,0,0,0,1,1,0,0,1,1,1,1
SG,96,Henderson,Tim,FA,"6'5""",201,4,0,0,0,0,0,0,0,0,0,0,0,0,0,0,0,0,0,0,0,0,0,0,0,0,0,0,0,0,0,0,0
PG,12,Herren,Chris,Utah,"6'2""",190,6,1,0,0,0,1,1,0,0,0,0,0,0,0,0,0,0,0,0,0,0,0,0,0,0,0,0,0,1,1,1,1
PF,98,Herrera,John,Ind,"6'10""",229,3,0,0,0,0,0,0,0,0,0,0,0,0,0,0,0,0,0,0,0,0,0,0,0,0,0,0,0,0,0,0,0
SF,78,Hicks,Myron,Cle,"6'7""",203,R,0,0,0,0,0,0,0,0,0,0,0,0,0,0,0,0,0,0,0,0,0,0,0,0,0,0,0,0,0,0,0
SF,33,Hill,Grant,Den,"6'8""",225,11,2,2,7,3.5,19,9.5,3,11,0.272,0,1,0,1,2,0.5,0,0,3,1.5,3,1.5,0,0,0,0,3,1.5,1,0.5,3,1.5
SG,2,Hill,Ty,Orl,"6'5""",200,R,5,0,13,2.6,11,2.2,6,12,0.5,0,1,0,1,3,0.333,1,0.2,1,0.2,2,0.4,0,0,0,0,1,0.2,0,0,6,1.2
SG,20,Hoiberg,Fred,Min,"6'4""",203,10,1,0,2,2,3,3,1,3,0.333,0,1,0,0,1,0,0,0,0,0,0,0,0,0,1,1,0,0,0,0,1,1
SG,87,Hooper,Dante,FA,"6'6""",186,1,0,0,0,0,0,0,0,0,0,0,0,0,0,0,0,0,0,0,0,0,0,0,0,0,0,0,0,0,0,0,0
PF,5,Horry,Robert,Cle,"6'10""",235,13,0,0,0,0,0,0,0,0,0,0,0,0,0,0,0,0,0,0,0,0,0,0,0,0,0,0,0,0,0,0,0
PG,5,House,Eddie,Orl,"6'1""",180,5,4,4,5,1.2,37,9.2,2,6,0.333,0,0,0,1,1,1,0,0,3,0.7,3,0.7,1,0.2,0,0,3,0.7,1,0.2,3,0.7
SG,20,Houston,Allan,GS,"6'6""",200,12,2,0,2,1,5,2.5,1,5,0.2,0,0,0,0,1,0,0,0,0,0,0,0,0,0,0,0,0,0,0,0,2,1
PF,5,Howard,Juwan,Cha,"6'9""",250,11,3,3,14,4.6,29,9.6,6,15,0.4,0,0,0,2,3,0.666,1,0.3,2,0.6,3,1,0,0,0,0,1,0.3,0,0,5,1.6
PG,11,Hudson,Troy,Bos,"6'1""",170,8,2,2,8,4,18,9,3,7,0.428,1,3,0.333,1,2,0.5,0,0,1,0.5,1,0.5,0,0,0,0,3,1.5,1,0.5,2,1
SG,20,Hughes,Larry,Mia,"6'5""",185,7,3,3,20,6.6,29,9.6,8,21,0.38,1,2,0.5,3,5,0.6,2,0.6,2,0.6,4,1.3,0,0,2,0.6,3,1,2,0.6,3,1
SG,1,Hunter,Lindsey,Mil,"6'2""",200,12,1,1,2,2,9,9,1,3,0.333,0,1,0,0,0,0,0,0,1,1,1,1,0,0,0,0,1,1,0,0,2,2
C,11,Ilgauskas,Zydrunas,Den,"7'3""",260,9,2,2,7,3.5,20,10,3,5,0.6,0,0,0,1,3,0.333,1,0.5,2,1,3,1.5,1,0.5,0,0,0,0,0,0,0,0
SG,3,Iverson,Allen,Cle,"6'0""",165,9,3,3,26,8.6,29,9.6,10,23,0.434,1,3,0.333,5,8,0.625,1,0.3,0,0,1,0.3,0,0,0,0,4,1.3,0,0,3,1
PG,24,Jackson,Bobby,FA,"6'1""",185,8,0,0,0,0,0,0,0,0,0,0,0,0,0,0,0,0,0,0,0,0,0,0,0,0,0,0,0,0,0,0,0
SG,22,Jackson,Jim,Det,"6'6""",220,13,2,2,10,5,18,9,4,12,0.333,1,2,0.5,1,2,0.5,1,0.5,0,0,1,0.5,0,0,0,0,1,0.5,0,0,2,1
C,44,Jackson,Marc,Hou,"6'10""",270,6,3,3,19,6.3,32,10.6,9,15,0.6,0,0,0,1,2,0.5,4,1.3,7,2.3,11,3.6,1,0.3,0,0,2,0.6,4,1.3,1,0.3
PF,24,Jackson,Stephen,Van,"6'8""",218,5,4,0,6,1.5,10,2.5,3,6,0.5,0,0,0,0,0,0,0,0,0,0,0,0,0,0,1,0.2,0,0,0,0,4,1
SG,50,Jacobs,Obasi,FA,"6'3""",191,1,0,0,0,0,0,0,0,0,0,0,0,0,0,0,0,0,0,0,0,0,0,0,0,0,0,0,0,0,0,0,0
SG,6,Jacobson,Sam,Atl,"6'4""",219,7,1,0,2,2,2,2,1,1,1,0,0,0,0,0,0,0,0,1,1,1,1,0,0,0,0,0,0,1,1,1,1
SF,25,James,Tim,Bos,"6'7""",212,6,2,0,2,1,5,2.5,1,3,0.333,0,0,0,0,0,0,0,0,0,0,0,0,0,0,0,0,0,0,0,0,0,0
SF,33,Jamison,Antawn,Por,"6'9""",223,7,1,1,5,5,9,9,2,6,0.333,0,0,0,1,1,1,1,1,1,1,2,2,0,0,0,0,0,0,0,0,1,1
PG,80,Jamison,Otis,Min,"6'0""",159,1,1,0,0,0,2,2,0,0,0,0,0,0,0,0,0,0,0,0,0,0,0,0,0,1,1,0,0,0,0,1,1
PG,14,Jarvis,Brian,NJ,"6'2""",202,1,1,0,1,1,4,4,0,1,0,0,0,0,1,2,0.5,0,0,0,0,0,0,0,0,0,0,0,0,0,0,0,0
SG,8,Jarvis,James,Hou,"6'3""",184,R,0,0,0,0,0,0,0,0,0,0,0,0,0,0,0,0,0,0,0,0,0,0,0,0,0,0,0,0,0,0,0
PG,10,Johnson,Anthony,Den,"6'3""",190,8,2,0,2,1,5,2.5,1,2,0.5,0,0,0,0,0,0,1,0.5,0,0,1,0.5,0,0,1,0.5,0,0,0,0,0,0
SF,5,Johnson,Bob,FA,"6'8""",219,R,0,0,0,0,0,0,0,0,0,0,0,0,0,0,0,0,0,0,0,0,0,0,0,0,0,0,0,0,0,0,0
SG,75,Johnson,Brian,FA,"6'6""",187,2,0,0,0,0,0,0,0,0,0,0,0,0,0,0,0,0,0,0,0,0,0,0,0,0,0,0,0,0,0,0,0
SG,1,Johnson,DerMarr,LAC,"6'9""",201,5,2,0,2,1,5,2.5,1,2,0.5,0,0,0,0,0,0,1,0.5,1,0.5,2,1,0,0,1,0.5,0,0,1,0.5,1,0.5
PG,11,Jones,Damon,Sac,"6'3""",185,7,0,0,0,0,0,0,0,0,0,0,0,0,0,0,0,0,0,0,0,0,0,0,0,0,0,0,0,0,0,0,0
SG,6,Jones,Eddie,Sac,"6'6""",200,11,0,0,0,0,0,0,0,0,0,0,0,0,0,0,0,0,0,0,0,0,0,0,0,0,0,0,0,0,0,0,0
SF,33,Jones,Jumaine,NY,"6'8""",218,6,1,1,0,0,10,10,0,0,0,0,0,0,0,0,0,1,1,1,1,2,2,1,1,0,0,0,0,0,0,0,0
SG,57,Jones,Nathan,Orl,"6'6""",212,R,0,0,0,0,0,0,0,0,0,0,0,0,0,0,0,0,0,0,0,0,0,0,0,0,0,0,0,0,0,0,0
PF,50,Jones,Ronald,FA,"6'8""",250,12,0,0,0,0,0,0,0,0,0,0,0,0,0,0,0,0,0,0,0,0,0,0,0,0,0,0,0,0,0,0,0
C,32,Joseph,Garth,NJ,"7'2""",306,5,1,0,0,0,2,2,0,1,0,0,0,0,0,1,0,0,0,1,1,1,1,0,0,0,0,0,0,0,0,0,0
PF,32,Keefe,Adam,FA,"6'9""",230,13,0,0,0,0,0,0,0,0,0,0,0,0,0,0,0,0,0,0,0,0,0,0,0,0,0,0,0,0,0,0,0
PF,74,Keenan,Marius,FA,"6'9""",225,1,0,0,0,0,0,0,0,0,0,0,0,0,0,0,0,0,0,0,0,0,0,0,0,0,0,0,0,0,0,0,0
PF,40,Kemp,Shawn,Phi,"6'10""",280,16,0,0,0,0,0,0,0,0,0,0,0,0,0,0,0,0,0,0,0,0,0,0,0,0,0,0,0,0,0,0,0
PF,8,Ketner,Lari,SA,"6'9""",277,6,3,3,2,0.6,26,8.6,1,2,0.5,0,0,0,0,0,0,0,0,1,0.3,1,0.3,1,0.3,0,0,0,0,1,0.3,1,0.3
PG,32,Kidd,Jason,Det,"6'4""",212,11,3,3,9,3,28,9.3,4,8,0.5,0,0,0,1,2,0.5,0,0,4,1.3,4,1.3,1,0.3,1,0.3,8,2.6,2,0.6,2,0.6
PF,89,King,Adam,FA,"6'9""",213,2,0,0,0,0,0,0,0,0,0,0,0,0,0,0,0,0,0,0,0,0,0,0,0,0,0,0,0,0,0,0,0
C,5,King,Casper,Phi,"7'6""",275,2,0,0,0,0,0,0,0,0,0,0,0,0,0,0,0,0,0,0,0,0,0,0,0,0,0,0,0,0,0,0,0
PF,51,King,Gerard,FA,"6'9""",250,7,0,0,0,0,0,0,0,0,0,0,0,0,0,0,0,0,0,0,0,0,0,0,0,0,0,0,0,0,0,0,0
PF,74,King,Mace,FA,"6'10""",212,2,0,0,0,0,0,0,0,0,0,0,0,0,0,0,0,0,0,0,0,0,0,0,0,0,0,0,0,0,0,0,0
SG,13,King,Scot,Sea,"6'4""",189,R,0,0,0,0,0,0,0,0,0,0,0,0,0,0,0,0,0,0,0,0,0,0,0,0,0,0,0,0,0,0,0
SF,68,Kinney,Joaquin,FA,"6'8""",226,3,0,0,0,0,0,0,0,0,0,0,0,0,0,0,0,0,0,0,0,0,0,0,0,0,0,0,0,0,0,0,0
PG,42,Kinney,Myron,FA,"6'0""",194,3,0,0,0,0,0,0,0,0,0,0,0,0,0,0,0,0,0,0,0,0,0,0,0,0,0,0,0,0,0,0,0
SG,30,Kittles,Kerry,Min,"6'5""",180,9,1,1,2,2,9,9,1,3,0.333,0,1,0,0,0,0,0,0,1,1,1,1,0,0,1,1,1,1,0,0,1,1
SG,81,Klanac,Alexander,Den,"6'4""",177,1,2,0,7,3.5,6,3,3,6,0.5,0,0,0,1,2,0.5,0,0,0,0,0,0,0,0,1,0.5,0,0,0,0,3,1.5
SG,10,Knight,Boniface,LAL,"6'7""",184,R,0,0,0,0,0,0,0,0,0,0,0,0,0,0,0,0,0,0,0,0,0,0,0,0,0,0,0,0,0,0,0
PG,12,Knight,Brevin,NJ,"5'10""",170,8,1,1,0,0,10,10,0,1,0,0,0,0,0,0,0,0,0,1,1,1,1,0,0,1,1,2,2,1,1,2,2
C,44,Knight,Travis,NY,"7'0""",235,9,0,0,0,0,0,0,0,0,0,0,0,0,0,0,0,0,0,0,0,0,0,0,0,0,0,0,0,0,0,0,0
SF,7,Kukoc,Toni,Ind,"6'11""",235,12,0,0,0,0,0,0,0,0,0,0,0,0,0,0,0,0,0,0,0,0,0,0,0,0,0,0,0,0,0,0,0
C,45,LaFrentz,Raef,Was,"6'11""",240,7,2,2,8,4,18,9,3,7,0.428,1,2,0.5,1,1,1,0,0,3,1.5,3,1.5,1,0.5,0,0,1,0.5,1,0.5,3,1.5
C,32,Laettner,Christian,Dal,"6'11""",245,13,0,0,0,0,0,0,0,0,0,0,0,0,0,0,0,0,0,0,0,0,0,0,0,0,0,0,0,0,0,0,0
SG,21,Langdon,Trajan,Was,"6'3""",197,6,2,2,2,1,17,8.5,1,4,0.25,0,1,0,0,1,0,0,0,1,0.5,1,0.5,0,0,0,0,1,0.5,2,1,2,1
SF,14,Langhi,Dan,Van,"6'11""",220,5,4,0,3,0.7,7,1.7,1,4,0.25,0,0,0,1,1,1,1,0.2,2,0.5,3,0.7,0,0,0,0,2,0.5,0,0,1,0.2
SG,20,Larson,Marian,FA,"6'6""",211,R,0,0,0,0,0,0,0,0,0,0,0,0,0,0,0,0,0,0,0,0,0,0,0,0,0,0,0,0,0,0,0
PF,23,Lawlor,Jamey,NY,"6'11""",221,R,0,0,0,0,0,0,0,0,0,0,0,0,0,0,0,0,0,0,0,0,0,0,0,0,0,0,0,0,0,0,0
SG,5,Lenard,Voshon,Dal,"6'4""",205,10,2,0,5,2.5,5,2.5,2,4,0.5,1,2,0.5,0,1,0,0,0,0,0,0,0,0,0,1,0.5,0,0,0,0,2,1
SG,20,Lewis,Quincy,Pho,"6'7""",215,6,3,3,5,1.6,28,9.3,2,5,0.4,0,1,0,1,1,1,1,0.3,1,0.3,2,0.6,1,0.3,1,0.3,0,0,0,0,3,1
SF,7,Lewis,Rashard,Min,"6'10""",215,7,1,1,6,6,9,9,2,3,0.666,1,1,1,1,1,1,0,0,1,1,1,1,0,0,0,0,1,1,0,0,1,1
C,58,Lopez,Devin,Pho,"7'5""",256,3,0,0,0,0,0,0,0,0,0,0,0,0,0,0,0,0,0,0,0,0,0,0,0,0,0,0,0,0,0,0,0
SF,13,Lopez,Felipe,Orl,"6'5""",195,7,5,5,15,3,46,9.2,7,16,0.437,0,1,0,1,2,0.5,2,0.4,3,0.6,5,1,0,0,1,0.2,1,0.2,3,0.6,2,0.4
PF,0,Lue,Al,SA,"6'11""",224,1,0,0,0,0,0,0,0,0,0,0,0,0,0,0,0,0,0,0,0,0,0,0,0,0,0,0,0,0,0,0,0
PG,10,Lue,Tyronn,Cle,"6'0""",175,7,3,0,2,0.6,6,2,1,4,0.25,0,1,0,0,1,0,0,0,0,0,0,0,0,0,0,0,0,0,2,0.6,2,0.6
SF,9,Lynch,George,Min,"6'8""",228,12,0,0,0,0,0,0,0,0,0,0,0,0,0,0,0,0,0,0,0,0,0,0,0,0,0,0,0,0,0,0,0
C,99,MARS,HENRY,Chi,"7'10""",327,5,2,2,36,18,18,9,14,17,0.823,0,0,0,8,8,1,3,1.5,4,2,7,3.5,2,1,0,0,0,0,1,0.5,0,0
C,50,MacCulloch,Todd,GS,"7'0""",255,6,2,2,3,1.5,19,9.5,1,3,0.333,0,0,0,1,1,1,0,0,0,0,0,0,1,0.5,0,0,0,0,0,0,2,1
PF,35,Madsen,Mark,Sac,"6'9""",240,5,0,0,0,0,0,0,0,0,0,0,0,0,0,0,0,0,0,0,0,0,0,0,0,0,0,0,0,0,0,0,0
SF,50,Maggette,Corey,Ind,"6'6""",218,6,3,3,8,2.6,28,9.3,3,9,0.333,0,1,0,2,4,0.5,2,0.6,3,1,5,1.6,0,0,2,0.6,1,0.3,1,0.3,3,1
C,21,Magloire,Jamaal,Chi,"6'10""",260,5,2,0,0,0,6,3,0,1,0,0,0,0,0,0,0,0,0,0,0,0,0,0,0,0,0,2,1,0,0,0,0
PG,12,Maloney,Matt,Mia,"6'3""",200,9,3,0,3,1,8,2.6,1,4,0.25,1,2,0.5,0,0,0,0,0,1,0.3,1,0.3,0,0,0,0,2,0.6,2,0.6,2,0.6
PG,33,Marbury,Stephon,Phi,"6'2""",180,9,4,4,20,5,37,9.2,7,17,0.411,1,3,0.333,5,6,0.833,0,0,1,0.2,1,0.2,0,0,2,0.5,9,2.2,4,1,5,1.2
SF,31,Marion,Shawn,NJ,"6'7""",215,6,1,1,8,8,9,9,4,10,0.4,0,0,0,0,1,0,1,1,1,1,2,2,0,0,1,1,0,0,1,1,1,1
SF,42,Marshall,Donyell,Atl,"6'9""",230,11,1,1,3,3,9,9,1,3,0.333,0,0,0,1,1,1,1,1,1,1,2,2,0,0,0,0,0,0,1,1,2,2
PF,69,Martin,Bobby,NJ,"6'7""",232,4,0,0,0,0,0,0,0,0,0,0,0,0,0,0,0,0,0,0,0,0,0,0,0,0,0,0,0,0,0,0,0
PG,15,Martin,Darrick,LAC,"5'11""",170,11,0,0,0,0,0,0,0,0,0,0,0,0,0,0,0,0,0,0,0,0,0,0,0,0,0,0,0,0,0,0,0
PF,6,Martin,Kenyon,Tor,"6'9""",230,5,3,3,8,2.6,27,9,4,10,0.4,0,0,0,0,0,0,2,0.6,5,1.6,7,2.3,0,0,0,0,0,0,2,0.6,3,1
SF,24,Mashburn,Jamal,LAC,"6'8""",241,12,2,0,0,0,2,1,0,0,0,0,0,0,0,0,0,0,0,0,0,0,0,0,0,0,0,0,0,0,0,2,1
SG,24,Mason,Desmond,NJ,"6'5""",215,5,1,1,2,2,9,9,1,3,0.333,0,0,0,0,0,0,0,0,1,1,1,1,0,0,0,0,1,1,1,1,0,0
SF,63,Massenburg,Brice,Tor,"6'8""",229,2,3,0,3,1,10,3.3,1,2,0.5,1,2,0.5,0,1,0,1,0.3,0,0,1,0.3,2,0.6,0,0,1,0.3,1,0.3,1,0.3
PF,0,McCarty,Walter,SA,"6'10""",230,9,3,0,4,1.3,6,2,2,4,0.5,0,1,0,0,1,0,0,0,1,0.3,1,0.3,1,0.3,0,0,1,0.3,1,0.3,2,0.6
PF,84,McCloud,Evander,Dal,"6'11""",220,1,2,0,2,1,4,2,0,1,0,0,0,0,2,3,0.666,0,0,2,1,2,1,0,0,0,0,0,0,0,0,2,1
SF,98,McCloud,Sal,FA,"6'7""",202,1,0,0,0,0,0,0,0,0,0,0,0,0,0,0,0,0,0,0,0,0,0,0,0,0,0,0,0,0,0,0,0
C,34,McCoy,Jelani,Por,"6'10""",245,7,1,1,0,0,10,10,0,1,0,0,0,0,0,1,0,1,1,1,1,2,2,0,0,0,0,0,0,1,1,1,1
PF,76,McDonald,Theo,Den,"6'9""",216,R,2,0,2,1,5,2.5,1,3,0.333,0,0,0,0,1,0,1,0.5,2,1,3,1.5,0,0,1,0.5,0,0,1,0.5,2,1
C,4,McDonald,Tristan,Orl,"6'11""",286,4,4,0,1,0.2,9,2.2,0,0,0,0,0,0,1,2,0.5,1,0.2,5,1.2,6,1.5,1,0.2,0,0,1,0.2,1,0.2,4,1
PF,24,McDyess,Antonio,Sea,"6'9""",245,10,2,2,9,4.5,18,9,4,10,0.4,0,0,0,1,2,0.5,1,0.5,1,0.5,2,1,1,0.5,0,0,0,0,0,0,4,2
C,70,McGrady,Babatunde,FA,"6'10""",264,4,0,0,0,0,0,0,0,0,0,0,0,0,0,0,0,0,0,0,0,0,0,0,0,0,0,0,0,0,0,0,0
SG,1,McGrady,Tracy,Orl,"6'8""",210,8,5,5,26,5.2,50,10,11,24,0.458,0,0,0,4,7,0.571,1,0.2,5,1,6,1.2,0,0,0,0,5,1,1,0.2,8,1.6
C,22,McIlvaine,Jim,FA,"7'1""",264,11,0,0,0,0,0,0,0,0,0,0,0,0,0,0,0,0,0,0,0,0,0,0,0,0,0,0,0,0,0,0,0
PG,5,McInnis,Jeff,Dal,"6'4""",190,8,0,0,0,0,0,0,0,0,0,0,0,0,0,0,0,0,0,0,0,0,0,0,0,0,0,0,0,0,0,0,0
SG,8,McKie,Aaron,SA,"6'5""",209,11,3,0,2,0.6,6,2,1,3,0.333,0,1,0,0,0,0,0,0,0,0,0,0,1,0.3,0,0,0,0,0,0,2,0.6
SF,7,McLeod,Roshown,Pho,"6'8""",230,7,2,0,2,1,5,2.5,1,5,0.2,0,0,0,0,1,0,0,0,1,0.5,1,0.5,0,0,0,0,2,1,1,0.5,2,1
SG,23,McPherson,Paul,Tor,"6'4""",210,5,3,0,0,0,6,2,0,0,0,0,0,0,0,0,0,0,0,0,0,0,0,0,0,0,0,2,0.6,2,0.6,2,0.6
SF,14,Medvedenko,Stanislav,Mil,"6'10""",250,5,1,0,2,2,2,2,1,1,1,0,0,0,0,1,0,0,0,0,0,0,0,0,0,0,0,0,0,0,0,1,1
SG,5,Mercer,Ron,Utah,"6'7""",210,8,2,0,2,1,2,1,1,2,0.5,0,0,0,0,0,0,1,0.5,0,0,1,0.5,0,0,0,0,0,0,0,0,2,1
SF,5,Mickeal,Pete,Was,"6'6""",222,5,1,0,0,0,3,3,0,1,0,0,0,0,0,0,0,0,0,0,0,0,0,0,0,0,0,0,0,0,0,1,1
C,4,Mihm,Chris,SA,"7'0""",265,5,3,0,0,0,4,1.3,0,1,0,0,0,0,0,0,0,1,0.3,1,0.3,2,0.6,2,0.6,0,0,0,0,2,0.6,2,0.6
SG,21,Miles,Darius,Tor,"6'9""",202,5,3,3,10,3.3,28,9.3,4,9,0.444,1,2,0.5,1,2,0.5,1,0.3,6,2,7,2.3,2,0.6,0,0,1,0.3,1,0.3,2,0.6
PG,24,Miller,Andre,Sac,"6'2""",200,6,0,0,0,0,0,0,0,0,0,0,0,0,0,0,0,0,0,0,0,0,0,0,0,0,0,0,0,0,0,0,0
C,40,Miller,Brad,Was,"7'0""",261,7,2,0,0,0,3,1.5,0,1,0,0,0,0,0,0,0,0,0,1,0.5,1,0.5,0,0,1,0.5,0,0,1,0.5,2,1
SF,50,Miller,Mike,Cha,"6'8""",218,5,3,3,6,2,27,9,2,4,0.5,1,3,0.333,1,1,1,3,1,2,0.6,5,1.6,0,0,1,0.3,2,0.6,0,0,2,0.6
SF,3,Mills,Charles,Por,"6'8""",214,1,0,0,0,0,0,0,0,0,0,0,0,0,0,0,0,0,0,0,0,0,0,0,0,0,0,0,0,0,0,0,0
SF,34,Mills,Chris,FA,"6'7""",216,12,0,0,0,0,0,0,0,0,0,0,0,0,0,0,0,0,0,0,0,0,0,0,0,0,0,0,0,0,0,0,0
C,89,Mills,Jonah,Cha,"6'10""",267,R,0,0,0,0,0,0,0,0,0,0,0,0,0,0,0,0,0,0,0,0,0,0,0,0,0,0,0,0,0,0,0
SG,16,Mills,Malcolm,LAC,"6'6""",192,R,0,0,0,0,0,0,0,0,0,0,0,0,0,0,0,0,0,0,0,0,0,0,0,0,0,0,0,0,0,0,0
PG,47,Mills,Max,Was,"6'2""",185,2,2,0,2,1,4,2,1,5,0.2,0,1,0,0,1,0,0,0,0,0,0,0,0,0,1,0.5,0,0,0,0,3,1.5
SG,5,Mobley,Cuttino,Dal,"6'4""",190,7,2,0,0,0,2,1,0,1,0,0,0,0,0,0,0,0,0,0,0,0,0,0,0,0,0,0,0,0,0,2,1
PF,14,Mohammed,Nazr,Hou,"6'10""",240,7,3,3,0,0,27,9,0,4,0,0,0,0,0,0,0,1,0.3,1,0.3,2,0.6,0,0,0,0,0,0,1,0.3,4,1.3
PF,5,Moiso,Jerome,Por,"6'10""",232,5,1,1,0,0,9,9,0,0,0,0,0,0,0,1,0,0,0,0,0,0,0,0,0,0,0,0,0,0,0,0,0
C,31,Moore,Mikki,Bos,"7'0""",230,7,2,2,5,2.5,17,8.5,2,5,0.4,0,0,0,1,2,0.5,1,0.5,2,1,3,1.5,1,0.5,0,0,1,0.5,1,0.5,5,2.5
SF,87,Morgan,Ben,FA,"6'9""",214,4,0,0,0,0,0,0,0,0,0,0,0,0,0,0,0,0,0,0,0,0,0,0,0,0,0,0,0,0,0,0,0
C,65,Morgan,Jason,FA,"7'1""",262,2,0,0,0,0,0,0,0,0,0,0,0,0,0,0,0,0,0,0,0,0,0,0,0,0,0,0,0,0,0,0,0
PF,12,Morrison,Daniel,Hou,"6'8""",211,1,0,0,0,0,0,0,0,0,0,0,0,0,0,0,0,0,0,0,0,0,0,0,0,0,0,0,0,0,0,0,0
SF,93,Moten,Grant,FA,"6'8""",210,2,0,0,0,0,0,0,0,0,0,0,0,0,0,0,0,0,0,0,0,0,0,0,0,0,0,0,0,0,0,0,0
PF,13,Mottola,Hanno,Phi,"6'10""",245,5,4,4,9,2.2,34,8.5,4,11,0.363,0,0,0,1,2,0.5,2,0.5,4,1,6,1.5,3,0.7,1,0.2,3,0.7,3,0.7,3,0.7
C,33,Mourning,Alonzo,Orl,"6'10""",258,13,4,1,7,1.7,12,3,3,8,0.375,0,0,0,1,3,0.333,0,0,2,0.5,2,0.5,2,0.5,0,0,2,0.5,0,0,10,2.5
PG,97,Murdock,Malcolm,Sea,"6'1""",163,R,0,0,0,0,0,0,0,0,0,0,0,0,0,0,0,0,0,0,0,0,0,0,0,0,0,0,0,0,0,0,0
SF,30,Murray,Lamond,Utah,"6'7""",236,11,1,0,0,0,2,2,0,1,0,0,0,0,0,0,0,0,0,0,0,0,0,0,0,0,0,0,0,0,0,2,2
SF,3,Murray,Tracy,SA,"6'7""",228,13,3,0,9,3,11,3.6,3,7,0.428,2,4,0.5,1,1,1,0,0,1,0.3,1,0.3,1,0.3,0,0,2,0.6,1,0.3,3,1
C,34,N'diaye,Mamadou,NY,"7'0""",255,5,1,0,2,2,2,2,1,1,1,0,0,0,0,1,0,0,0,1,1,1,1,0,0,1,1,0,0,0,0,0,0
SF,54,Nailon,Lee,Atl,"6'9""",239,5,1,0,0,0,2,2,0,0,0,0,0,0,0,1,0,0,0,0,0,0,0,0,0,0,0,0,0,0,0,0,0
SF,14,Najera,Eduardo,Phi,"6'8""",240,5,4,4,6,1.5,36,9,3,7,0.428,0,0,0,0,0,0,1,0.2,2,0.5,3,0.7,1,0.2,2,0.5,1,0.2,1,0.2,0,0
PG,13,Nash,Steve,Cha,"6'3""",195,9,3,3,6,2,27,9,2,9,0.222,1,1,1,1,2,0.5,1,0.3,1,0.3,2,0.6,0,0,0,0,4,1.3,1,0.3,5,1.6
SG,8,Nesby,Tyrone,Phi,"6'6""",225,7,4,4,12,3,39,9.7,5,14,0.357,2,5,0.4,0,1,0,1,0.2,1,0.2,2,0.5,0,0,0,0,1,0.2,2,0.5,6,1.5
C,8,Nesterovic,Radoslav,NY,"7'0""",250,7,1,1,2,2,10,10,1,5,0.2,0,0,0,0,1,0,1,1,1,1,2,2,0,0,0,0,1,1,1,1,2,2
SF,3,Newble,Ira,Orl,"6'7""",220,5,0,0,0,0,0,0,0,0,0,0,0,0,0,0,0,0,0,0,0,0,0,0,0,0,0,0,0,0,0,0,0
SF,49,Newell,Reynaldo,FA,"6'8""",203,4,0,0,0,0,0,0,0,0,0,0,0,0,0,0,0,0,0,0,0,0,0,0,0,0,0,0,0,0,0,0,0
C,60,Noble,Nat,Det,"7'0""",280,1,0,0,0,0,0,0,0,0,0,0,0,0,0,0,0,0,0,0,0,0,0,0,0,0,0,0,0,0,0,0,0
PG,12,Norris,Moochie,Cle,"6'1""",175,8,2,0,6,3,4,2,2,3,0.666,1,2,0.5,1,1,1,0,0,1,0.5,1,0.5,0,0,0,0,0,0,1,0.5,2,1
SF,41,Nowitzki,Dirk,LAL,"7'0""",250,7,0,0,0,0,0,0,0,0,0,0,0,0,0,0,0,0,0,0,0,0,0,0,0,0,0,0,0,0,0,0,0
C,7,O'Neal,Jermaine,Pho,"6'11""",226,9,3,3,13,4.3,28,9.3,5,11,0.454,0,0,0,3,5,0.6,1,0.3,4,1.3,5,1.6,1,0.3,0,0,1,0.3,0,0,4,1.3
C,34,O'Neal,Shaquille,SA,"7'1""",315,13,3,3,22,7.3,27,9,9,13,0.692,0,0,0,4,6,0.666,1,0.3,5,1.6,6,2,0,0,0,0,1,0.3,1,0.3,6,2
SG,55,Oak,Chris,FA,"6'6""",187,1,0,0,0,0,0,0,0,0,0,0,0,0,0,0,0,0,0,0,0,0,0,0,0,0,0,0,0,0,0,0,0
SF,7,Odom,Lamar,GS,"6'10""",220,6,2,2,9,4.5,16,8,4,9,0.444,0,0,0,1,2,0.5,1,0.5,2,1,3,1.5,2,1,0,0,2,1,2,1,5,2.5
PF,31,Okulaja,Ademola,Tor,"6'9""",235,5,3,0,4,1.3,6,2,2,3,0.666,0,0,0,0,0,0,1,0.3,1,0.3,2,0.6,1,0.3,0,0,0,0,0,0,0,0
PG,11,Olie,Finigan,Mil,"6'2""",171,R,1,0,5,5,8,8,2,5,0.4,0,1,0,1,1,1,0,0,0,0,0,0,0,0,0,0,1,1,0,0,1,1
PG,82,Oliver,Sam,FA,"6'5""",199,1,0,0,0,0,0,0,0,0,0,0,0,0,0,0,0,0,0,0,0,0,0,0,0,0,0,0,0,0,0,0,0
C,34,Olowokandi,Michael,Phi,"7'0""",269,7,4,4,15,3.7,35,8.7,7,13,0.538,0,0,0,1,2,0.5,1,0.2,4,1,5,1.2,0,0,0,0,0,0,0,0,8,2
C,39,Ostertag,Greg,Van,"7'2""",280,10,4,0,3,0.7,8,2,1,2,0.5,0,0,0,1,1,1,0,0,4,1,4,1,1,0.2,0,0,0,0,2,0.5,3,0.7
C,11,Overton,Brian,Por,"7'1""",273,R,1,0,3,3,3,3,1,2,0.5,0,0,0,1,1,1,1,1,0,0,1,1,1,1,0,0,0,0,1,1,1,1
SF,5,Owens,Billy,FA,"6'9""",225,14,0,0,0,0,0,0,0,0,0,0,0,0,0,0,0,0,0,0,0,0,0,0,0,0,0,0,0,0,0,0,0
SG,53,Owens,Kris,Ind,"6'5""",193,R,3,0,7,2.3,6,2,3,5,0.6,1,2,0.5,0,1,0,0,0,0,0,0,0,1,0.3,0,0,0,0,0,0,4,1.3
PF,11,Owens,Mawuko,FA,"6'10""",230,4,0,0,0,0,0,0,0,0,0,0,0,0,0,0,0,0,0,0,0,0,0,0,0,0,0,0,0,0,0,0,0
C,0,Oyedeji,Olumide,NJ,"6'10""",240,5,1,0,2,2,1,1,1,1,1,0,0,0,0,0,0,0,0,0,0,0,0,0,0,0,0,0,0,0,0,0,0
SF,34,Padgett,Scott,Por,"6'9""",240,6,1,1,0,0,9,9,0,2,0,0,1,0,0,1,0,0,0,0,0,0,0,0,0,0,0,0,0,0,0,1,1
PF,19,Parker,Evan,NY,"6'9""",213,1,1,1,4,4,9,9,1,3,0.333,0,0,0,2,3,0.666,1,1,0,0,1,1,0,0,0,0,1,1,0,0,0,0
C,72,Parker,Levar,FA,"7'0""",258,3,0,0,0,0,0,0,0,0,0,0,0,0,0,0,0,0,0,0,0,0,0,0,0,0,0,0,0,0,0,0,0
SF,19,Parker,Lexie,FA,"6'8""",223,4,0,0,0,0,0,0,0,0,0,0,0,0,0,0,0,0,0,0,0,0,0,0,0,0,0,0,0,0,0,0,0
C,44,Parks,Cherokee,Min,"6'11""",230,10,0,0,0,0,0,0,0,0,0,0,0,0,0,0,0,0,0,0,0,0,0,0,0,0,0,0,0,0,0,0,0
PF,51,Parton,Manfred,Bos,"6'11""",250,3,0,0,0,0,0,0,0,0,0,0,0,0,0,0,0,0,0,0,0,0,0,0,0,0,0,0,0,0,0,0,0
SF,33,Patterson,Andrae,Min,"6'9""",240,7,1,0,0,0,2,2,0,0,0,0,0,0,0,0,0,0,0,0,0,0,0,0,0,1,1,0,0,0,0,0,0
C,48,Patterson,Caleb,LAL,"7'2""",263,4,0,0,0,0,0,0,0,0,0,0,0,0,0,0,0,0,0,0,0,0,0,0,0,0,0,0,0,0,0,0,0
SF,67,Patterson,Dante,Was,"6'8""",201,R,0,0,0,0,0,0,0,0,0,0,0,0,0,0,0,0,0,0,0,0,0,0,0,0,0,0,0,0,0,0,0
SF,21,Patterson,Ruben,Det,"6'5""",224,7,3,0,4,1.3,6,2,2,3,0.666,0,0,0,0,1,0,0,0,0,0,0,0,0,0,0,0,1,0.3,0,0,4,1.3
PG,71,Patton,Gary,Cle,"6'1""",179,3,0,0,0,0,0,0,0,0,0,0,0,0,0,0,0,0,0,0,0,0,0,0,0,0,0,0,0,0,0,0,0
SG,44,Peeler,Anthony,Dal,"6'4""",208,13,0,0,0,0,0,0,0,0,0,0,0,0,0,0,0,0,0,0,0,0,0,0,0,0,0,0,0,0,0,0,0
PG,12,Penberthy,Mike,Det,"6'3""",185,5,3,0,3,1,6,2,1,2,0.5,0,0,0,1,2,0.5,1,0.3,3,1,4,1.3,0,0,0,0,0,0,2,0.6,0,0
SG,1,Person,Wesley,Por,"6'6""",200,11,0,0,0,0,0,0,0,0,0,0,0,0,0,0,0,0,0,0,0,0,0,0,0,0,0,0,0,0,0,0,0
SG,24,Peterson,Morris,Atl,"6'7""",218,5,1,0,0,0,2,2,0,2,0,0,0,0,0,1,0,0,0,0,0,0,0,0,0,0,0,0,0,0,0,1,1
C,20,Phillips,Ishmael,Det,"7'0""",275,2,3,0,3,1,6,2,1,4,0.25,0,0,0,1,2,0.5,0,0,0,0,0,0,1,0.3,0,0,0,0,0,0,2,0.6
SG,52,Piatkowski,Eric,LAL,"6'7""",215,11,0,0,0,0,0,0,0,0,0,0,0,0,0,0,0,0,0,0,0,0,0,0,0,0,0,0,0,0,0,0,0
SF,34,Pierce,Paul,Tor,"6'6""",230,7,3,3,13,4.3,26,8.6,5,12,0.416,1,2,0.5,2,4,0.5,1,0.3,2,0.6,3,1,1,0.3,0,0,3,1,1,0.3,4,1.3
C,31,Pollard,Scot,Ind,"6'11""",265,8,3,3,8,2.6,26,8.6,3,5,0.6,0,0,0,2,3,0.666,1,0.3,3,1,4,1.3,2,0.6,0,0,0,0,2,0.6,3,1
SF,62,Pope,Ayubu,Dal,"6'8""",213,2,2,0,4,2,4,2,2,3,0.666,0,0,0,0,0,0,0,0,1,0.5,1,0.5,0,0,0,0,0,0,0,0,3,1.5
SF,4,Porter,Chris,Was,"6'7""",218,5,2,0,2,1,5,2.5,1,2,0.5,0,0,0,0,0,0,2,1,1,0.5,3,1.5,0,0,0,0,0,0,1,0.5,0,0
SF,92,Porter,Gary,GS,"6'8""",196,1,0,0,0,0,0,0,0,0,0,0,0,0,0,0,0,0,0,0,0,0,0,0,0,0,0,0,0,0,0,0,0
SF,41,Posey,James,Det,"6'8""",215,6,3,3,9,3,27,9,4,10,0.4,0,1,0,1,2,0.5,2,0.6,3,1,5,1.6,1,0.3,2,0.6,2,0.6,0,0,4,1.3
SF,7,Postell,Lavor,GS,"6'6""",212,5,2,0,0,0,4,2,0,0,0,0,0,0,0,0,0,0,0,1,0.5,1,0.5,0,0,0,0,2,1,0,0,1,0.5
C,52,Potapenko,Vitaly,Sea,"6'10""",285,9,2,2,4,2,18,9,2,4,0.5,0,0,0,0,1,0,2,1,3,1.5,5,2.5,0,0,1,0.5,2,1,1,0.5,4,2
PF,22,Preston,Leo,Mia,"6'8""",240,1,3,0,1,0.3,7,2.3,0,1,0,0,0,0,1,1,1,1,0.3,2,0.6,3,1,0,0,0,0,0,0,0,0,3,1
SG,6,Price,Bob,Dal,"6'3""",207,3,2,0,3,1.5,4,2,1,3,0.333,0,0,0,1,2,0.5,2,1,0,0,2,1,0,0,0,0,0,0,0,0,2,1
PG,20,Price,Brent,FA,"6'1""",185,12,0,0,0,0,0,0,0,0,0,0,0,0,0,0,0,0,0,0,0,0,0,0,0,0,0,0,0,0,0,0,0
SG,3,Profit,Laron,Was,"6'5""",204,6,2,0,2,1,4,2,1,2,0.5,0,0,0,0,1,0,0,0,2,1,2,1,0,0,0,0,0,0,0,0,1,0.5
C,6,Przybilla,Joel,Dal,"7'1""",255,5,2,2,5,2.5,19,9.5,2,5,0.4,0,0,0,1,2,0.5,2,1,4,2,6,3,0,0,0,0,0,0,1,0.5,0,0
C,41,Quaid,Leon,Was,"7'0""",280,1,0,0,0,0,0,0,0,0,0,0,0,0,0,0,0,0,0,0,0,0,0,0,0,0,0,0,0,0,0,0,0
SF,71,Quaid,Neil,Tor,"6'10""",223,R,3,0,5,1.6,6,2,2,4,0.5,1,1,1,0,0,0,2,0.6,0,0,2,0.6,0,0,0,0,0,0,0,0,3,1
SF,29,Quinton,Chris,Pho,"6'9""",230,4,3,0,6,2,6,2,3,7,0.428,0,0,0,0,0,0,0,0,0,0,0,0,0,0,0,0,0,0,0,0,6,2
C,10,Radojevic,Aleksandar,NY,"7'3""",250,6,0,0,0,0,0,0,0,0,0,0,0,0,0,0,0,0,0,0,0,0,0,0,0,0,0,0,0,0,0,0,0
SF,62,Rand,Lexie,Bos,"6'8""",215,R,2,2,9,4.5,18,9,3,7,0.428,1,3,0.333,2,3,0.666,1,0.5,0,0,1,0.5,1,0.5,1,0.5,0,0,1,0.5,4,2
C,42,Ratliff,Theo,Min,"6'10""",225,10,1,1,4,4,9,9,2,3,0.666,0,0,0,0,2,0,0,0,1,1,1,1,1,1,0,0,1,1,0,0,2,2
PG,3,Recasner,Eldridge,FA,"6'4""",195,11,0,0,0,0,0,0,0,0,0,0,0,0,0,0,0,0,0,0,0,0,0,0,0,0,0,0,0,0,0,0,0
SG,2,Redd,Michael,Van,"6'6""",220,5,4,4,11,2.7,33,8.2,4,11,0.363,0,0,0,3,4,0.75,2,0.5,2,0.5,4,1,0,0,1,0.2,2,0.5,2,0.5,6,1.5
C,50,Reeves,Bryant,Pho,"7'0""",290,10,2,0,2,1,4,2,1,2,0.5,0,0,0,0,0,0,0,0,0,0,0,0,1,0.5,0,0,0,0,0,0,2,1
PF,52,Reid,Don,Sea,"6'8""",250,10,2,0,2,1,4,2,1,1,1,0,0,0,0,1,0,2,1,0,0,2,1,0,0,1,0.5,0,0,1,0.5,2,1
PF,17,Reynolds,Marcus,FA,"6'9""",237,4,0,0,0,0,0,0,0,0,0,0,0,0,0,0,0,0,0,0,0,0,0,0,0,0,0,0,0,0,0,0,0
SF,3,Richardson,Quentin,LAC,"6'6""",223,5,2,2,7,3.5,18,9,2,5,0.4,0,1,0,3,4,0.75,0,0,1,0.5,1,0.5,0,0,0,0,2,1,2,1,2,1
SF,68,Richmond,Jerome,Den,"6'9""",219,2,0,0,0,0,0,0,0,0,0,0,0,0,0,0,0,0,0,0,0,0,0,0,0,0,0,0,0,0,0,0,0
SG,7,Rider,Isaiah,FA,"6'5""",215,12,0,0,0,0,0,0,0,0,0,0,0,0,0,0,0,0,0,0,0,0,0,0,0,0,0,0,0,0,0,0,0
SF,8,Roberson,Terrance,LAC,"6'7""",215,5,2,0,2,1,5,2.5,1,1,1,0,0,0,0,1,0,0,0,1,0.5,1,0.5,0,0,0,0,0,0,0,0,0,0
SF,49,Roberts,Jamal,Cle,"6'7""",204,1,3,0,3,1,7,2.3,1,4,0.25,0,0,0,1,2,0.5,0,0,0,0,0,0,0,0,0,0,0,0,1,0.3,3,1
SF,32,Robinson,Eddie,Mil,"6'9""",208,6,0,0,0,0,0,0,0,0,0,0,0,0,0,0,0,0,0,0,0,0,0,0,0,0,0,0,0,0,0,0,0
SF,13,Robinson,Glenn,Van,"6'7""",230,11,4,1,10,2.5,17,4.2,5,11,0.454,0,2,0,0,0,0,1,0.2,1,0.2,2,0.5,0,0,0,0,0,0,1,0.2,5,1.2
SF,6,Rogers,Carlos,Cha,"6'11""",232,11,0,0,0,0,0,0,0,0,0,0,0,0,0,0,0,0,0,0,0,0,0,0,0,0,0,0,0,0,0,0,0
PF,22,Rogers,Grant,Sac,"6'11""",225,R,0,0,0,0,0,0,0,0,0,0,0,0,0,0,0,0,0,0,0,0,0,0,0,0,0,0,0,0,0,0,0
SF,11,Rogers,Ian,Was,"6'8""",203,R,0,0,0,0,0,0,0,0,0,0,0,0,0,0,0,0,0,0,0,0,0,0,0,0,0,0,0,0,0,0,0
PF,54,Rogers,Rodney,FA,"6'7""",255,12,0,0,0,0,0,0,0,0,0,0,0,0,0,0,0,0,0,0,0,0,0,0,0,0,0,0,0,0,0,0,0
PG,5,Rose,Jalen,Por,"6'8""",225,11,1,1,6,6,11,11,2,6,0.333,1,1,1,1,2,0.5,0,0,0,0,0,0,1,1,1,1,1,1,0,0,2,2
C,31,Rose,Malik,Tor,"6'7""",240,9,3,3,10,3.3,27,9,4,9,0.444,0,0,0,2,3,0.666,3,1,5,1.6,8,2.6,2,0.6,1,0.3,1,0.3,2,0.6,3,1
SF,13,Rowell,John,Cle,"6'8""",218,2,3,0,3,1,6,2,1,2,0.5,0,0,0,1,2,0.5,0,0,0,0,0,0,0,0,0,0,0,0,0,0,2,0.6
PF,51,Ruffin,Michael,Sea,"6'8""",248,6,2,0,3,1.5,5,2.5,1,2,0.5,0,0,0,1,2,0.5,1,0.5,0,0,1,0.5,0,0,0,0,0,0,1,0.5,2,1
PF,35,Russell,Ray,FA,"6'9""",234,3,0,0,0,0,0,0,0,0,0,0,0,0,0,0,0,0,0,0,0,0,0,0,0,0,0,0,0,0,0,0,0
PF,62,Sadler,Simba,Hou,"6'9""",233,4,0,0,0,0,0,0,0,0,0,0,0,0,0,0,0,0,0,0,0,0,0,0,0,0,0,0,0,0,0,0,0
C,45,Samake,Soumaila,Den,"7'2""",230,5,1,0,0,0,1,1,0,0,0,0,0,0,0,0,0,0,0,1,1,1,1,0,0,0,0,0,0,0,0,0,0
SG,42,Samson,Lexie,FA,"6'5""",206,1,0,0,0,0,0,0,0,0,0,0,0,0,0,0,0,0,0,0,0,0,0,0,0,0,0,0,0,0,0,0,0
PG,4,Sanchez,Pepe,Ind,"6'4""",195,5,2,2,2,1,16,8,1,2,0.5,0,0,0,0,0,0,0,0,1,0.5,1,0.5,0,0,0,0,0,0,0,0,1,0.5
C,15,Santiago,Daniel,Sea,"7'0""",256,5,2,0,2,1,5,2.5,1,1,1,0,0,0,0,1,0,1,0.5,1,0.5,2,1,0,0,0,0,1,0.5,2,1,0,0
PF,31,Scott,Declan,Orl,"6'7""",239,1,5,0,8,1.6,10,2,4,8,0.5,0,0,0,0,1,0,1,0.2,1,0.2,2,0.4,0,0,0,0,0,0,0,0,4,0.8
PG,59,Simpson,Devin,Hou,"6'4""",156,2,3,0,1,0.3,4,1.3,0,0,0,0,0,0,1,1,1,0,0,0,0,0,0,0,0,0,0,1,0.3,0,0,2,0.6
PF,32,Skinner,Brian,Den,"6'9""",255,7,2,2,5,2.5,17,8.5,2,4,0.5,0,0,0,1,1,1,1,0.5,4,2,5,2.5,2,1,1,0.5,0,0,1,0.5,3,1.5
C,52,Smith,Jabari,Mia,"6'11""",250,5,3,3,2,0.6,27,9,1,5,0.2,0,0,0,0,0,0,1,0.3,2,0.6,3,1,0,0,0,0,0,0,0,0,0,0
PF,32,Smith,Joe,Pho,"6'10""",225,10,3,3,9,3,26,8.6,4,8,0.5,0,0,0,1,2,0.5,1,0.3,3,1,4,1.3,1,0.3,1,0.3,2,0.6,1,0.3,7,2.3
SF,34,Smith,Michael,Pho,"6'8""",240,11,2,0,0,0,5,2.5,0,1,0,0,0,0,0,0,0,0,0,2,1,2,1,1,0.5,1,0.5,1,0.5,0,0,3,1.5
SF,40,Smith,Mike,Por,"6'8""",195,5,1,0,0,0,2,2,0,0,0,0,0,0,0,0,0,0,0,0,0,0,0,1,1,0,0,0,0,0,0,0,0
PF,34,Smith,Whitman,Tor,"6'10""",227,R,0,0,0,0,0,0,0,0,0,0,0,0,0,0,0,0,0,0,0,0,0,0,0,0,0,0,0,0,0,0,0
PG,65,Snow,Bill,Ind,"6'1""",188,2,3,0,5,1.6,7,2.3,1,1,1,1,2,0.5,2,3,0.666,0,0,0,0,0,0,0,0,1,0.3,1,0.3,0,0,3,1
PG,20,Snow,Eric,Orl,"6'3""",204,10,5,0,2,0.4,11,2.2,1,3,0.333,0,0,0,0,0,0,0,0,0,0,0,0,0,0,0,0,4,0.8,0,0,8,1.6
SF,8,Sprewell,Latrell,SA,"6'5""",190,13,3,3,9,3,30,10,3,11,0.272,1,3,0.333,2,3,0.666,0,0,2,0.6,2,0.6,0,0,1,0.3,2,0.6,1,0.3,3,1
SG,42,Stackhouse,Jerry,Dal,"6'6""",218,10,2,2,9,4.5,18,9,3,9,0.333,0,1,0,3,4,0.75,0,0,0,0,0,0,0,0,1,0.5,0,0,0,0,3,1.5
PF,8,Starks,Tim,Atl,"6'10""",223,R,0,0,0,0,0,0,0,0,0,0,0,0,0,0,0,0,0,0,0,0,0,0,0,0,0,0,0,0,0,0,0
SG,2,Stevenson,DeShawn,Van,"6'5""",210,5,0,0,0,0,0,0,0,0,0,0,0,0,0,0,0,0,0,0,0,0,0,0,0,0,0,0,0,0,0,0,0
PF,4,Stewart,Michael,Dal,"6'10""",230,8,1,0,0,0,2,2,0,1,0,0,0,0,0,0,0,0,0,0,0,0,0,0,0,0,0,0,0,0,0,0,0
SG,20,Stith,Bryant,Den,"6'5""",210,13,0,0,0,0,0,0,0,0,0,0,0,0,0,0,0,0,0,0,0,0,0,0,0,0,0,0,0,0,0,0,0
SF,16,Stojakovic,Predrag,Sac,"6'9""",229,7,0,0,0,0,0,0,0,0,0,0,0,0,0,0,0,0,0,0,0,0,0,0,0,0,0,0,0,0,0,0,0
PG,3,Stoudamire,Damon,Van,"5'10""",171,10,4,0,9,2.2,14,3.5,4,10,0.4,1,2,0.5,0,0,0,0,0,0,0,0,0,0,0,0,0,2,0.5,1,0.2,4,1
SG,25,Strickland,Erick,Cha,"6'3""",210,9,3,3,9,3,29,9.6,4,9,0.444,0,1,0,1,1,1,1,0.3,3,1,4,1.3,0,0,2,0.6,3,1,3,1,4,1.3
SF,23,Strickland,Kyle,FA,"6'7""",220,3,0,0,0,0,0,0,0,0,0,0,0,0,0,0,0,0,0,0,0,0,0,0,0,0,0,0,0,0,0,0,0
C,80,Strickland,Lance,SA,"7'0""",255,2,0,0,0,0,0,0,0,0,0,0,0,0,0,0,0,0,0,0,0,0,0,0,0,0,0,0,0,0,0,0,0
SG,10,Strickland,Leon,Bos,"6'3""",193,4,2,2,7,3.5,19,9.5,3,8,0.375,0,1,0,1,1,1,0,0,3,1.5,3,1.5,1,0.5,0,0,2,1,1,0.5,2,1
C,40,Sundov,Bruno,LAC,"7'2""",220,7,2,0,2,1,4,2,1,2,0.5,0,0,0,0,1,0,0,0,2,1,2,1,0,0,1,0.5,0,0,0,0,1,0.5
SG,3,Sura,Bob,Phi,"6'5""",200,10,3,0,5,1.6,7,2.3,2,5,0.4,1,1,1,0,0,0,0,0,1,0.3,1,0.3,0,0,1,0.3,2,0.6,0,0,5,1.6
PF,4,Swift,Stromile,Atl,"6'9""",225,5,1,1,5,5,10,10,2,3,0.666,0,0,0,1,1,1,1,1,1,1,2,2,1,1,0,0,0,0,0,0,1,1
SF,10,Szczerbiak,Wally,Dal,"6'7""",244,6,2,2,4,2,18,9,2,6,0.333,0,1,0,0,1,0,1,0.5,1,0.5,2,1,0,0,2,1,1,0.5,1,0.5,3,1.5
C,12,Tarlac,Dragan,Ind,"6'11""",260,5,2,0,0,0,4,2,0,0,0,0,0,0,0,1,0,0,0,0,0,0,0,0,0,0,0,0,0,0,0,2,1
PG,30,Taylor,Gary,Van,"6'7""",158,3,4,4,18,4.5,35,8.7,8,18,0.444,0,0,0,2,3,0.666,0,0,1,0.2,1,0.2,0,0,1,0.2,11,2.7,2,0.5,6,1.5
SG,62,Taylor,Kwabena,Chi,"6'4""",175,2,2,0,2,1,6,3,1,1,1,0,0,0,0,0,0,0,0,0,0,0,0,0,0,0,0,0,0,0,0,0,0
PF,2,Taylor,Maurice,Det,"6'9""",260,8,3,1,8,2.6,13,4.3,4,7,0.571,0,0,0,0,0,0,0,0,2,0.6,2,0.6,2,0.6,0,0,0,0,1,0.3,7,2.3
PG,31,Terry,Jason,Det,"6'2""",172,6,3,0,2,0.6,6,2,1,2,0.5,0,0,0,0,0,0,0,0,2,0.6,2,0.6,0,0,1,0.3,2,0.6,1,0.3,2,0.6
SF,27,Thomas,Cameron,NY,"6'8""",227,1,0,0,0,0,0,0,0,0,0,0,0,0,0,0,0,0,0,0,0,0,0,0,0,0,0,0,0,0,0,0,0
C,36,Thomas,Etan,Van,"6'9""",256,5,3,3,4,1.3,29,9.6,2,4,0.5,0,0,0,0,0,0,1,0.3,1,0.3,2,0.6,1,0.3,2,0.6,1,0.3,1,0.3,1,0.3
PF,21,Thomas,Kenny,LAC,"6'8""",260,6,2,2,11,5.5,17,8.5,4,7,0.571,1,2,0.5,2,3,0.666,1,0.5,2,1,3,1.5,0,0,2,1,2,1,2,1,3,1.5
PF,40,Thomas,Kurt,Por,"6'9""",230,10,1,0,2,2,2,2,1,1,1,0,0,0,0,0,0,0,0,0,0,0,0,0,0,0,0,0,0,0,0,2,2
PF,5,Thomas,Tim,Cle,"6'10""",230,8,3,3,12,4,26,8.6,5,13,0.384,1,3,0.333,1,3,0.333,0,0,3,1,3,1,1,0.3,2,0.6,2,0.6,1,0.3,5,1.6
PF,44,Thompson,Bubba,Cha,"6'10""",247,R,0,0,0,0,0,0,0,0,0,0,0,0,0,0,0,0,0,0,0,0,0,0,0,0,0,0,0,0,0,0,0
SF,12,Thompson,Elias,Por,"6'10""",197,1,1,0,3,3,2,2,1,4,0.25,0,0,0,1,1,1,0,0,0,0,0,0,0,0,0,0,0,0,0,0,1,1
SF,31,Thurman,Jioke,Bos,"6'9""",196,1,2,0,1,0.5,4,2,0,1,0,1,1,1,0,1,0,0,0,0,0,0,0,0,0,0,0,0,0,0,0,2,1
C,74,Tipton,Fritz,Sac,"6'11""",271,1,0,0,0,0,0,0,0,0,0,0,0,0,0,0,0,0,0,0,0,0,0,0,0,0,0,0,0,0,0,0,0
C,48,Tipton,Phillip,FA,"6'11""",243,1,0,0,0,0,0,0,0,0,0,0,0,0,0,0,0,0,0,0,0,0,0,0,0,0,0,0,0,0,0,0,0
C,45,Toomey,Lance,FA,"6'9""",245,1,0,0,0,0,0,0,0,0,0,0,0,0,0,0,0,0,0,0,0,0,0,0,0,0,0,0,0,0,0,0,0
PF,54,Traylor,Robert,LAL,"6'8""",284,7,0,0,0,0,0,0,0,0,0,0,0,0,0,0,0,0,0,0,0,0,0,0,0,0,0,0,0,0,0,0,0
PF,33,Trent,Gary,Ind,"6'8""",250,10,3,0,8,2.6,7,2.3,4,8,0.5,0,0,0,0,0,0,0,0,1,0.3,1,0.3,0,0,1,0.3,0,0,0,0,3,1
PG,49,Trnka,Michael,Chi,"6'6""",198,3,2,2,10,5,18,9,5,6,0.833,0,0,0,0,0,0,2,1,0,0,2,1,0,0,0,0,0,0,0,0,1,0.5
C,25,Tsakalidis,Iakovos,Sac,"7'3""",283,5,0,0,0,0,0,0,0,0,0,0,0,0,0,0,0,0,0,0,0,0,0,0,0,0,0,0,0,0,0,0,0
SF,5,Turkoglu,Hidayet,Phi,"6'8""",202,5,3,0,3,1,7,2.3,1,3,0.333,0,0,0,1,1,1,0,0,2,0.6,2,0.6,1,0.3,0,0,0,0,1,0.3,0,0
SF,92,Turner,Isaiah,Den,"6'10""",212,2,1,0,2,2,2,2,1,2,0.5,0,0,0,0,0,0,0,0,0,0,0,0,0,0,0,0,0,0,0,0,3,3
PG,7,Tyler,Derek,Phi,"6'7""",204,2,4,0,9,2.2,10,2.5,3,8,0.375,1,2,0.5,2,3,0.666,1,0.2,0,0,1,0.2,0,0,1,0.2,3,0.7,0,0,4,1
PG,31,Van,Exel,Nick,Hou6',"1""",lbs,12,3,0,6,2,6,2,3,7,0.428,0,0,0,0,0,0,0,0,1,0.3,1,0.3,0,0,0,0,2,0.6,0,0,2
SF,44,Van,Horn,Keith,Hou6',"10""",lbs,8,3,3,14,4.6,30,10,6,16,0.375,1,3,0.333,1,2,0.5,4,1.3,4,1.3,8,2.6,2,0.6,1,0.3,2,0.6,1,0.3,2
PG,11,Vaughn,Jacque,LAL,"6'1""",190,8,0,0,0,0,0,0,0,0,0,0,0,0,0,0,0,0,0,0,0,0,0,0,0,0,0,0,0,0,0,0,0
C,43,Voskuhl,Jake,Chi,"6'11""",245,5,2,0,0,0,0,0,0,0,0,0,0,0,0,0,0,0,0,0,0,0,0,0,0,0,0,0,0,0,0,0,0
PF,8,Walker,Antoine,Was,"6'9""",245,9,2,2,13,6.5,18,9,5,14,0.357,1,2,0.5,2,5,0.4,1,0.5,5,2.5,6,3,0,0,1,0.5,2,1,1,0.5,3,1.5
PF,52,Walker,Samaki,Orl,"6'9""",260,9,5,5,9,1.8,45,9,4,10,0.4,0,0,0,1,2,0.5,2,0.4,6,1.2,8,1.6,0,0,0,0,3,0.6,3,0.6,5,1
SG,49,Wallace,Augustus,Sac,"6'5""",214,2,0,0,0,0,0,0,0,0,0,0,0,0,0,0,0,0,0,0,0,0,0,0,0,0,0,0,0,0,0,0,0
C,3,Wallace,Ben,NJ,"6'9""",240,9,1,1,0,0,10,10,0,1,0,0,0,0,0,1,0,0,0,2,2,2,2,0,0,0,0,0,0,1,1,1,1
PF,44,Wallace,John,NJ,"6'9""",225,9,1,1,2,2,9,9,1,4,0.25,0,0,0,0,1,0,1,1,1,1,2,2,0,0,0,0,0,0,1,1,1,1
PF,30,Wallace,Rasheed,Atl,"6'11""",230,10,1,1,3,3,9,9,1,4,0.25,0,1,0,1,1,1,0,0,2,2,2,2,0,0,1,1,0,0,0,0,2,2
SG,1,Walton,Jerome,Utah,"6'4""",201,4,0,0,0,0,0,0,0,0,0,0,0,0,0,0,0,0,0,0,0,0,0,0,0,0,0,0,0,0,0,0,0
SG,64,Walton,Martin,FA,"6'6""",186,3,0,0,0,0,0,0,0,0,0,0,0,0,0,0,0,0,0,0,0,0,0,0,0,0,0,0,0,0,0,0,0
PG,21,Ward,Charlie,Pho,"6'2""",190,11,0,0,0,0,0,0,0,0,0,0,0,0,0,0,0,0,0,0,0,0,0,0,0,0,0,0,0,0,0,0,0
SF,88,Warner,Clarence,Sac,"6'8""",226,4,0,0,0,0,0,0,0,0,0,0,0,0,0,0,0,0,0,0,0,0,0,0,0,0,0,0,0,0,0,0,0
SF,10,Warner,Jason,Cha,"6'8""",229,1,3,1,2,0.6,11,3.6,1,3,0.333,0,0,0,0,1,0,0,0,1,0.3,1,0.3,0,0,1,0.3,0,0,0,0,6,2
SF,7,Warner,Lucas,FA,"6'9""",195,4,0,0,0,0,0,0,0,0,0,0,0,0,0,0,0,0,0,0,0,0,0,0,0,0,0,0,0,0,0,0,0
C,23,Waters,Grant,FA,"6'10""",247,2,0,0,0,0,0,0,0,0,0,0,0,0,0,0,0,0,0,0,0,0,0,0,0,0,0,0,0,0,0,0,0
PF,35,Weatherspoon,Clarence,LAL,"6'7""",265,13,0,0,0,0,0,0,0,0,0,0,0,0,0,0,0,0,0,0,0,0,0,0,0,0,0,0,0,0,0,0,0
PF,4,Webber,Chris,Mia,"6'10""",245,12,3,3,14,4.6,26,8.6,6,14,0.428,0,1,0,2,4,0.5,1,0.3,4,1.3,5,1.6,0,0,2,0.6,4,1.3,1,0.3,5,1.6
PF,46,Weekes,Brian,Phi,"6'8""",237,4,4,0,6,1.5,9,2.2,3,8,0.375,0,0,0,0,0,0,0,0,4,1,4,1,0,0,0,0,1,0.2,0,0,4,1
SG,6,Wells,Bonzi,Mia,"6'5""",210,7,3,0,6,2,5,1.6,3,5,0.6,0,0,0,0,0,0,1,0.3,0,0,1,0.3,0,0,0,0,2,0.6,1,0.3,3,1
PF,94,Wells,Garth,Chi,"6'11""",213,4,2,0,0,0,0,0,0,0,0,0,0,0,0,0,0,0,0,0,0,0,0,0,0,0,0,0,0,0,0,0,0
PG,4,Wesley,David,Den,"6'1""",211,12,0,0,0,0,0,0,0,0,0,0,0,0,0,0,0,0,0,0,0,0,0,0,0,0,0,0,0,0,0,0,0
SF,57,Westmore,Garry,Det,"6'6""",214,2,0,0,0,0,0,0,0,0,0,0,0,0,0,0,0,0,0,0,0,0,0,0,0,0,0,0,0,0,0,0,0
SG,97,Wheeler,Nweke,Bos,"6'4""",181,4,0,0,0,0,0,0,0,0,0,0,0,0,0,0,0,0,0,0,0,0,0,0,0,0,0,0,0,0,0,0,0
SF,52,Wheeler,Tom,FA,"6'6""",200,3,0,0,0,0,0,0,0,0,0,0,0,0,0,0,0,0,0,0,0,0,0,0,0,0,0,0,0,0,0,0,0
C,55,White,Jahidi,Atl,"6'9""",290,7,0,0,0,0,0,0,0,0,0,0,0,0,0,0,0,0,0,0,0,0,0,0,0,0,0,0,0,0,0,0,0
SF,35,White,Rod,Sac,"6'9""",206,R,0,0,0,0,0,0,0,0,0,0,0,0,0,0,0,0,0,0,0,0,0,0,0,0,0,0,0,0,0,0,0
PG,23,White,Theo,Min,"6'2""",164,R,0,0,0,0,0,0,0,0,0,0,0,0,0,0,0,0,0,0,0,0,0,0,0,0,0,0,0,0,0,0,0
PG,12,Whitney,Chris,Atl,"6'0""",175,12,1,0,2,2,3,3,1,3,0.333,0,1,0,0,0,0,0,0,1,1,1,1,0,0,0,0,1,1,0,0,1,1
SF,20,Wilkinson,Morris,Van,"6'6""",208,R,4,4,19,4.7,39,9.7,7,17,0.411,1,2,0.5,4,5,0.8,4,1,2,0.5,6,1.5,1,0.2,0,0,1,0.2,0,0,4,1
PF,34,Williams,Aaron,Phi,"6'9""",225,11,4,0,4,1,10,2.5,2,4,0.5,0,0,0,0,1,0,1,0.2,1,0.2,2,0.5,2,0.5,0,0,1,0.2,0,0,7,1.7
SG,20,Williams,Alvin,Chi,"6'5""",185,8,2,0,4,2,6,3,2,2,1,0,0,0,0,0,0,0,0,0,0,0,0,0,0,0,0,0,0,1,0.5,0,0
SF,55,Williams,Eric,LAL,"6'8""",220,10,0,0,0,0,0,0,0,0,0,0,0,0,0,0,0,0,0,0,0,0,0,0,0,0,0,0,0,0,0,0,0
PG,55,Williams,Jason,Pho,"6'1""",190,7,3,3,7,2.3,27,9,3,11,0.272,1,4,0.25,0,0,0,0,0,0,0,0,0,1,0.3,0,0,8,2.6,2,0.6,2,0.6
PF,13,Williams,Jerome,Utah,"6'9""",206,9,2,2,6,3,19,9.5,3,4,0.75,0,0,0,0,1,0,3,1.5,5,2.5,8,4,1,0.5,1,0.5,0,0,2,1,3,1.5
C,39,Williams,Kebu,Sea,"6'11""",287,2,0,0,0,0,0,0,0,0,0,0,0,0,0,0,0,0,0,0,0,0,0,0,0,0,0,0,0,0,0,0,0
SG,3,Williams,Monty,FA,"6'8""",225,11,0,0,0,0,0,0,0,0,0,0,0,0,0,0,0,0,0,0,0,0,0,0,0,0,0,0,0,0,0,0,0
SG,95,Williams,Naseem,Pho,"6'3""",187,2,3,0,15,5,13,4.3,6,12,0.5,0,1,0,3,4,0.75,0,0,0,0,0,0,1,0.3,1,0.3,1,0.3,1,0.3,2,0.6
PG,1,Williams,Shammond,NY,"6'1""",201,7,1,1,1,1,10,10,0,1,0,0,0,0,1,1,1,0,0,1,1,1,1,0,0,1,1,1,1,0,0,0,0
SF,42,Williams,Walt,Hou,"6'8""",230,13,3,0,5,1.6,5,1.6,2,4,0.5,1,1,1,0,0,0,1,0.3,1,0.3,2,0.6,2,0.6,0,0,0,0,0,0,3,1
SF,35,Williamson,Corliss,Sea,"6'7""",245,10,2,0,2,1,4,2,1,2,0.5,0,0,0,0,0,0,1,0.5,0,0,1,0.5,0,0,0,0,1,0.5,1,0.5,2,1
C,34,Wolf,Lamar,Van,"7'3""",251,4,4,0,1,0.2,7,1.7,0,1,0,0,0,0,1,2,0.5,0,0,2,0.5,2,0.5,0,0,1,0.2,0,0,1,0.2,2,0.5
PF,45,Wolkowyski,Ruben,Utah,"6'10""",270,5,0,0,0,0,0,0,0,0,0,0,0,0,0,0,0,0,0,0,0,0,0,0,0,0,0,0,0,0,0,0,0
SG,2,Woods,Brian,NY,"6'3""",215,2,1,0,0,0,2,2,0,0,0,0,1,0,0,1,0,0,0,0,0,0,0,0,0,0,0,1,1,0,0,1,1
C,42,Wright,Lorenzen,Utah,"6'11""",235,9,2,2,6,3,19,9.5,2,6,0.333,0,0,0,2,3,0.666,2,1,2,1,4,2,0,0,1,0.5,1,0.5,0,0,4,2
C,31,Young,Devon,GS,"6'10""",287,R,0,0,0,0,0,0,0,0,0,0,0,0,0,0,0,0,0,0,0,0,0,0,0,0,0,0,0,0,0,0,0
C,67,Young,Marcus,Utah,"6'11""",254,1,2,0,2,1,4,2,1,2,0.5,0,0,0,0,1,0,0,0,0,0,0,0,0,0,0,0,0,0,1,0.5,2,1
C,99,Zholtok,Mattias,FA,"7'0""",276,2,0,0,0,0,0,0,0,0,0,0,0,0,0,0,0,0,0,0,0,0,0,0,0,0,0,0,0,0,0,0,0
